:020000040800F2
:1010000000500020111601080D1601080B160108EA
:101010000B1601080B1601080B1601080000000052
:101020000000000000000000000000000D16010894
:101030000D160108000000000D1601080D1601082C
:101040000B1601080B1601080B160108A928000849
:101050000B1601080B1601080B1601080B160108E8
:101060000B1601080B1601080B1601080B160108D8
:101070000B1601080B1601080B1601080B160108C8
:101080000B1601080B1601080B16010899820008BF
:1010900079820008898200080B1601080B160108E6
:1010A0000B1601080B1601080B1601080B16010898
:1010B0000B1601080B160108592800080B16010829
:1010C0000B1601080B1601080B1601080B16010878
:1010D0000B1601080B1601080B1601080B16010868
:1010E000652800080B1601080B1601080B160108ED
:1010F0000B1601080B1601080B1601080B16010848
:101100000B1601080B1601080B1601080B16010837
:101110000B1601080B1601080B1601080B16010827
:101120000B1601080B1601080B1601080B16010817
:101130000B1601080B1601080B160108C5820008E2
:10114000A5820008B58200080B1601080B160108DD
:1011500010B404466468084611461A46234610BC7B
:101160001847836818477047704770477047704743
:1011700041607047704770477047704770477047CD
:1011800070470020704700207047000000487047FB
:101190000000484200207047416070477047704728
:1011A0007047704770470020704741607047704734
:1011B0007047704770477047002070477047416024
:1011C00070470020704770477047704770477047FE
:1011D000002070477047416070477047002070479B
:1011E00070474160704770470846704770477047C6
:1011F0007047704700487047003C1C46416070478C
:10120000704770477047704770474160704770473C
:101210000020704700207047002070470020704772
:101220000020704770477047104B10B5186803686E
:101230001B6898470E4B186803681B6898470D4B4E
:10124000186803681B6898470B4B186803681B688D
:1012500098470A4B186803681B689847BDE8104018
:10126000074B186803689B68184700BF24000020DC
:101270002000002018000020140000201000002092
:101280000800002010B5174C206803689B69984738
:10129000052002F09DFA062818D8DFE800F0040ABD
:1012A0000C0E1012200000220F4B1A700F4B2360FF
:1012B0000CE00F4BFBE70F4BF9E70F4BF7E70F4B3A
:1012C000F5E701220E4B23600E4B1A700E4C20687E
:1012D00005F094FF6068BDE8104005F08FBF0B4B30
:1012E000E5E700BF18000020922C0020702B0020A2
:1012F000682B0020602B0020902B0020882B0020E2
:10130000482B0020682C0020842C0020802B0020FB
:1013100010B5114C20680368DB699847042002F07F
:1013200057FA042806D8DFE800F003100E12140064
:101330000A4B23600A4C206805F060FF6068BDE836
:10134000104005F05BBF074BF3E7074BF1E7074B96
:10135000EFE7074BEDE700BF14000020782B0020DB
:10136000842C0020402B0020382B0020302B002024
:10137000282B002010B5124C206803685B68984742
:10138000062002F025FA0138052815D8DFE800F01C
:10139000160E0E0310120B4B23600B4C206805F049
:1013A0002DFF6068BDE8104005F028BF074BF3E74C
:1013B000074BF1E7074BEFE7074BEDE7074BEBE791
:1013C0000C00002044290020842C00201429002037
:1013D000D82800208C2800206C2900204C290020CF
:1013E00010B50B4C206803685B689847452002F0F5
:1013F000EFF9084A084B012808BF13462360074C41
:10140000206805F0FBFE6068BDE8104005F0F6BE00
:10141000080000207428002084280020842C00204C
:10142000022010B502F0D4F90138032815D8DFE8FE
:1014300000F0020E10120A4B0A4C0B4A206813608F
:1014400005F0DCFE6068BDE8104005F0D7BE074B34
:10145000F2E7074BF0E7074BEEE7074BECE700BF7F
:10146000BC290020842C002010000020A42900208A
:1014700098290020B02900206828002010B50120FC
:1014800002F0A6F909280FD8DFE800F0171C2B0E90
:1014900005091F222528144B144A1A6004E0124A39
:1014A000134B136000229A72124C206805F0A6FEBE
:1014B0006068BDE8104005F0A1BE0B4A0C4B1360FC
:1014C0000122F0E7084B0C4AE7E7074B0B4AE4E739
:1014D000054B0B4AE1E7044B0A4ADEE7024B0A4A96
:1014E000DBE7014B094AD8E72000002080290020D3
:1014F000F82B0020842C0020242C0020EC2B002032
:10150000D42B0020402C0020082C0020742900201F
:10151000036810B59B68984711F0F4F90024014660
:10152000A42002F075F92146952002F07FF92146AA
:10153000962002F07BF921469A2002F077F92146A5
:10154000BDE810409B2002F071B9000010B51C4CA2
:10155000206803689B6A9847002002F039F909283F
:101560000FD8DFE800F005080A0E271C2117292BE9
:10157000144B236005E0144BFBE71448206004F093
:10158000DFFF134C206805F039FE6068BDE81040AD
:1015900005F034BE0D48206004F0EAFFF1E70B4887
:1015A000206004F0A7FFECE70A4B012223600A4BFE
:1015B0001A70E6E7094BDCE7094BF6E7094BD8E779
:1015C00024000020182B0020982B0020B02B002096
:1015D000842C0020F82A0020682C0020202B0020DA
:1015E000482800201428002010B5154C20680368F6
:1015F0001B699847532002F0EBF804280FD8DFE866
:1016000000F0030608171D000E4B236007E00E4B89
:10161000FBE70E4B0E48196820600BF0A3F90D4C48
:10162000206805F0EBFD6068BDE8104005F0E6BD00
:101630000122094B2360094B1A70F0E7084BE4E7DD
:101640001C000020F02A0020E42A0020102800209E
:1016500088290020842C0020D82A0020682C002013
:10166000D02A0020BD2002F0C9B800002DE9F74FB4
:10167000082002F0ADF8484C54F8201009200191E0
:1016800002F0A6F854F820600A2002F0A1F854F8FD
:1016900020500B2002F09CF854F820A00C2002F0FF
:1016A00097F854F820B00D2002F092F854F82090EA
:1016B0000E2002F08DF854F82070102002F088F807
:1016C00054F82080112002F083F854F8203001995A
:1016D0000093324B18680368DB6A9847304B3146F9
:1016E00018680368DB6B98472E4B594618680368E7
:1016F000DB6998472C4B5146186803681B6A98476A
:101700002A4B4946186803681B699847284B41468D
:10171000186803685B699847264B31461868036868
:101720009B6998473946244809F05EFF234B00998E
:10173000186803685B699847072002F049F8012898
:1017400002D1284603F018FB072002F041F80228D6
:1017500002D1284609F0DCF8072002F039F8032806
:1017600002D1284609F024FB072002F031F80428B2
:1017700002D128460DF056F8002240F2016160685F
:1017800005F01FFD002240F20161206803B0BDE8B2
:10179000F04F05F016BD00BF842C0020240000206F
:1017A0002000002018000020140000200C00002061
:1017B0000800002010000020702800201C000020DD
:1017C00038B540F2DF73984204460D4606D10A460A
:1017D0000146314809F010FF002038BD072001F014
:1017E000F7FF012803D12946204603F0A3FB072079
:1017F00001F0EEFF022803D12946204609F0C8F87F
:10180000072001F0E5FF032803D12946204609F00F
:1018100001FB072001F0DCFF042803D12946204604
:101820000DF022F81D4B2A46186821460368DB6834
:1018300098471B4B2A461868214603681B6998473E
:10184000184B2A461868214603681B699847164BAF
:101850002A461868214603681B699847134B2A4695
:101860001868214603681B689847114B2A46186878
:10187000214603681B6898470E4B2A461868214684
:1018800003681B6998470C4B2A4618682146036871
:101890001B689847A0E700BF7028002024000020A4
:1018A0002000002018000020140000200C00002060
:1018B00008000020100000201C00002008B503468E
:1018C00099889B7900682BB10FF0F5F9B0FA80F098
:1018D000400908BD0FF0EFF9003818BF0120F8E704
:1018E00008B50248FFF7EAFF08BD00BF9C2D0020A5
:1018F000818800680FF0DAB9818800680FF0D8B9E4
:101900002DE9F843A54BA64C998818680FF0D6F935
:101910000FF0DEF9A34BA44F186801F026FF10F07A
:10192000C1FDA24910F0C6FE0146E82001F07EFF8D
:1019300006F026FA0146842001F06AFF822001F0B9
:1019400047FF39680646206806F088FE072001F048
:101950003FFF2068964D03689B6A98470146BB206D
:1019600001F056FF20680368DB6A98470146B920FA
:1019700001F05CFF07F0BCF8206803689B6898479B
:101980008C4B186803689B6898478B4B18680368F2
:10199000DB6898470DF076FA0EF08EF92868036838
:1019A0009B689847854B186803681B699847386897
:1019B00003689B689847824B186803689B6998473F
:1019C000804B186805F066FC0CF032FF7E4B1B78EC
:1019D0000BB10BF043FDB22001F0FAFE7B4C002866
:1019E000606A80F2A180FFF783FFEF2001F0F0FE34
:1019F000002800F09C80B22001F0EAFE022800F0EE
:101A00009680B22001F0E4FE002800F0908060692A
:101A1000FFF76EFFC42001F0DBFE0346606C002B75
:101A200000F08980FFF764FF012E206940F0868076
:101A3000FFF75EFF2868DFF8988103689B69984785
:101A40000146B32001F0F2FE286803685B699847FD
:101A50000146B42001F0EAFE286803685B6A9847F3
:101A600010F020FD0146C92001F0E0FE2868594D24
:101A70000368DB69984701468B2001F0D7FE564B7F
:101A8000B620196801F0C4FE544B1B78012B03D01B
:101A9000042B01D02B7823B1D8F8000003689B6891
:101AA0009847D8F80000DFF83891036899F80010DB
:101AB0005B6998470746002843D0012E1EBF0122CC
:101AC000484B1A7001232B70A06A474B984205D0EF
:101AD000FFF7F4FE0146E12001F09AFE0BF06CFCEA
:101AE0000BF086FC042E01D0012E4ED1B32001F064
:101AF00077FE0546E42001F073FE0146284610F00B
:101B0000E1FE88B3B32001F06BFE0546782001F0BA
:101B100067FE294610F0B8FE40B3E06BFFF7E8FE21
:101B2000206CFFF7E5FE36E0FFF7E6FE5DE7606953
:101B3000FFF7E2FE6EE7FFF7DFFE75E7FFF7DCFE7B
:101B400078E72B7833B10146832001F061FE254B05
:101B50002F701F70D8F8000099F8001003689B6977
:101B60009847224B1870AFE7E420CCE7782001F0CB
:101B700037FE1F4910F0E0FB294610F0A3FE0028B5
:101B8000CED0E06BFFF7B8FECAE7E06BFFF7B4FE1C
:101B9000206CFFF7B1FEBDE8F88300BF5C2E00208B
:101BA00020000020942C0020100000200000204184
:101BB00024000020180000200C0000200800002055
:101BC0001C000020802C0020682C0020883200207F
:101BD00014000020912C0020BC3000207E2C00201E
:101BE0007C2C0020922C00208C2D00206B2C0020BF
:101BF0000000A0402DE9F04FA92085B001F0E8FDDC
:101C00008146822001F0E4FD8E4B0446002840F01E
:101C1000EC801A68B2EB000A18BF4FF0010AB2203C
:101C20001C6001F0D5FD07460FF02CFA06F074F8A1
:101C3000854BDFF81882186803685B689847822034
:101C400001F0C6FD0128054640F0D8800FFA89F959
:101C500089EAE970A0EBE97080B206F0B1FE0021DC
:101C6000064610F011FE90B1002001F0B1FD0428ED
:101C70000DD0242001F0ACFD002840F0B980814552
:101C8000B8BF4FF0FF35BD4218BF06F100463846D9
:101C900010F008FC314610F059FC0546D8F8000059
:101CA00003685B689847D8F8000029460368684EC7
:101CB0001B699847C12001F0A1FD002840F0A280D7
:101CC000306AFFF719FED8F80000DFF88891036842
:101CD000614F1B6A984710F015FE05B22946A920EE
:101CE00001F096FD082001F073FD59F8200006F080
:101CF000AFFB012C01D0042C08D1386885EAE571CE
:101D00000368A1EBE5719B6989B29847D7F800B0E9
:101D1000B320DBF80030DB69019301F061FD019B2A
:101D2000014658469847386803685B6898474B4BAC
:101D300018680368DB689847494B186803685B6854
:101D40009847042C68D1474B186803685B6898472C
:101D5000284606F001FD8346AD2001F039FD0190D3
:101D6000192001F035FD02902B2001F039FD039080
:101D70002A2001F035FD594610F0A4FDB0FA80F399
:101D800059465B090398DD0010F088FDDDE901325A
:101D9000B0FA80F09342D4BF00230123400945EA02
:101DA0008005892045EA831501F01AFD8346292024
:101DB00001F016FD0146584610F084FD002808BFCA
:101DC00045F001058520294601F022FD182001F08B
:101DD000FFFC0190052C00F2A080DFE814F0450024
:101DE0008B01BD003F015A01C7014FF0000A16E701
:101DF000B9F1000FA8BF4FF0FF3544E706F060FED1
:101E0000002550E7BE2001F0F9FC00287FF458AF10
:101E1000306AFFF76DFD56E7052001F0D9FC032875
:101E200004D1104B186803685B689847012C8FD168
:101E3000E72001F0CDFC411C01F00F01E72001F08B
:101E4000E7FC85E7000000201400002024000020AB
:101E500088320020842C0020200000200800002070
:101E600010000020180000200023954A95481370A8
:101E7000954A1370FFF740FDB069FFF73DFDBAF1D9
:101E8000000F03D00221B22001F0C2FC3868DFF855
:101E90003C8203685B69984700238D4A1370B8F849
:101EA0000030002B51D18B48FFF726FDF069FFF77A
:101EB00023FD8948FFF720FD15F0410F01D0019B5C
:101EC000B3B1386803689B6B984788B1386803687A
:101ED0005B6B984760B101237D4A02241370784AF6
:101EE00013701923A8F800300FF0CCF87B4B186062
:101EF0007B4B1B786BB115F0480F0AD11923A8F85A
:101F000000300FF0BFF8754B0224186001236E4AB1
:101F100013702146822001F07BFC3868714D036804
:101F20005B6B9847002840F049816D4B1B78002B74
:101F300040F04481002C40F041812B88002B40F080
:101F40009481B06CFFF7D8FC3EE1013B9BB2A8F84E
:101F50000030002BB0D1A6E7DFF884B19BF8003049
:101F6000002B59D1D8F800205F4B9A4202D0554837
:101F7000FFF7BEFCF069DFF85481FFF7B9FCB069E8
:101F8000FFF7B6FCB8F80030002B50D15248FFF7ED
:101F9000AFFCDFF83CA19AF800305BB115F04501C9
:101FA00008D1192387208AF80010A8F800300124EE
:101FB00001F02EFC9BF8003053B115F04C0107D115
:101FC0004FF4FA738720A8F80030042401F020FCB5
:101FD0003D4B1B7823B19BF80030002B08BF002439
:101FE000374D2B7853BB022C93D10FF04BF883461F
:101FF000172001F0EDFB394B1B681844834588D945
:10200000019B1BB32B780BB300238AF800301923F4
:102010000124A8F800307CE7072001F0D9FB002854
:10202000A8D1D8F80020314B9A42A3D19FE7013BB9
:102030009BB2A8F80030002BABD1A7E73868036843
:102040005B6B98470028CED1002462E72248FFF757
:1020500053FC0B2005F066FE03245AE700221C4BBC
:102060001D481A70FFF748FC174B1B7823B11C4B17
:102070001B78002B08BF0024114B1B78002B3FF46A
:1020800048AF386803685B6B9847002808BF002496
:102090003FE70E4A138853B90E48FFF729FC104B4F
:1020A0001B784BB99622124B05241A8004E0013BA1
:1020B0009BB21380002BEFD005F056FE29E700BF3E
:1020C0006A2C0020142E0020692C002028000020FB
:1020D0006C2C0020642E00201C2E00200C280020D8
:1020E000922C002008280020202B0020982B002074
:1020F000542C0020694A138843BB6948FFF7F8FB5A
:102100006848FFF7F5FB8220012101F081FB05F013
:102110002BFE386803685B6B984700287FF4F9AEA4
:10212000A92001F055FB00284FF0A90014DA01F0B6
:102130004FFB404231283FF7ECAEB22001F048FBA4
:1021400068B99622584B05241A80E2E6013B9BB2FF
:102150001380002BD7D1D0E701F03AFBEAE7B22099
:1021600001F036FB02287FF4D4AEEAE74C48FFF7D3
:10217000BFFB4C48FFF7C0FB0221B22001F048FB37
:10218000494A13887BB9902001F022FB002811DA1C
:10219000902001F01DFB404204283FF7BAAEFA221E
:1021A0003E4B1A8050E7013B9BB21380002B7FF41B
:1021B000B0AEE8E7902001F00BFBEDE74FF496732B
:1021C0002B80B06CFFF794FB2988C820003918BF1A
:1021D000012101F01DFB012C344D52D1542001F09E
:1021E000F7FA012848D1F068FFF782FB2E685720E4
:1021F00033689F6801F0ECFA10F054F9014630465C
:10220000B8472D6855202B68DE6801F0E1FA0122FD
:1022100081B22846B047072001F0DAFA022807D138
:102220000A2001F0D5FA59F82010204608F0C2FB28
:10223000072001F0CDFA032807D10A2001F0C8FADF
:1022400059F82010204608F017FE072001F0C0FAC8
:10225000042820D10A2001F0BBFA59F820102046AA
:1022600005B0BDE8F04F0CF007BB013B9BB22B80E3
:10227000002B3FF466AEA4E7E12001F0BFFA00288E
:10228000B1D1F068FFF738FB0022286811460368D7
:10229000DB689847BFE705B0BDE8F08F2800002055
:1022A000642E0020142E0020542C00201C0000203E
:1022B0002DE9F047822001F08BFA0546864BDFF8C6
:1022C0001C9218680368DB689847042D04D1D9F87C
:1022D00000000368DB68984706F096FC804BDFF847
:1022E00004A21968DC20804F01F092FADD20DAF8B0
:1022F000001001F08DFADE20396801F089FA7B4B7D
:102300007B4E1968DF20DFF8EC8101F081FAE020D4
:10231000318801F07DFA98F80030774C022B2DD1EE
:10232000764B1B7853BB042D19D1DFF8D4A1754F20
:10233000DAF80030002B41D15E20237001F048FA1A
:102340004FF496735843CAF800003B68B3F5967F84
:1023500014D100233B603388013B33800EE06A4A8E
:10236000DAF8003012789A4226D1684A3B6812782F
:102370009A4221D13388FBB10123237098F80030B1
:102380002BBB5E4B1B780BB901232370712001F02E
:102390001FFA01281FD1732001F01AFA5C4B07467F
:1023A000586802F0F3F806460146E92001F030FAD9
:1023B000B7422ADA002330E00023DEE73A68013B27
:1023C0000132CAF800303A60002BBED1B4E7012BCD
:1023D000DCD10023D9E7722001F0FAF90128DAD024
:1023E000D9F800004B4A036812785B692178984756
:1023F000494E08B1012D12D13778B7B9394683203B
:1024000001F006FA454B1F700FE098F80030012BE1
:10241000E6D13A4A1278002AE2D12370E0E701219E
:102420003E4B8320197001F0F3F93D4F3B78022BAE
:1024300006D1337823B13B4B18680368DB689847B3
:102440003B78012B02D9033B012B0DD8DFF8D48058
:10245000D8F800000368DB6898473B7823B9D8F8C0
:1024600000000368DB689847042D40F091803778BE
:10247000002F59D0942001F0B3F90646402001F016
:10248000AFF90146304610F013FA002840F085807D
:10249000012D40F092800022184B71201A7001F03B
:1024A00097F902287FD1742001F092F90646752031
:1024B00001F08EF9164B0546986802F067F8014660
:1024C0000446EA2001F0A4F9AE4274DCA64274DCB2
:1024D000A5426EDA78E000BF20000020180000203E
:1024E000642C0020602C00205C2C0020582C002044
:1024F000782C00207D2C00207C2C0020902C0020AB
:10250000742C0020702C00207B2C00207A2C0020C2
:102510007C3200206B2C0020912C0020922C00207B
:102520007E2C002014000020882001F051F9804604
:102530003D2001F04DF98045A1BF0122254B2770B8
:102540001A70254B186803689B689847002110F0A3
:1025500091F968B1214A1368002BDFBF00230121E4
:1025600023701C4BCEBF03F1FF3319700A23136095
:102570001B4B586B1B4B98420AD0FFF79FF938B1A1
:10258000EE2001F025F918B90122124B20701A70C3
:102590003378002B3FF47CAF6CE7002301222370DB
:1025A0000C4B1A7074E7722001F012F902283FF404
:1025B0007AAFBDE8F087A64204DA094B986BFFF7C3
:1025C0009BF9F6E7A542F4DD054B986BFFF790F910
:1025D000EFE700BF902C00200C000020040000203A
:1025E000883200208C2D0020FEE70000122838B52C
:1025F00016D812281CD8DFE810F0D300D600E80067
:102600001B00DC00D900E2001B00EB00EB00EB003C
:10261000EB00EB001B001B001B001B001B00F3006A
:10262000532800F0C98000F2AF80452800F0CA802E
:10263000242001F0CDF840B1002001F0C9F80828AD
:1026400003D00021242001F0E3F8192001F0C0F8A4
:10265000664D674C28601A2001F0BAF820601B20F4
:1026600001F0B6F868601C2001F0B2F860601D202F
:1026700001F0B6F85F4D604C28601E2001F0B0F804
:102680002060322001F0ACF85C4B216818602868AB
:1026900010F0FAF850B15A491D202960594D2560B3
:1026A00001F0C4F829461E2001F0C0F81F2001F0F7
:1026B00097F8554B554C18602E2001F091F8544B6B
:1026C00018602F2001F08CF8524B1860312001F077
:1026D00087F8514B1860272001F07AF84F4B1860AB
:1026E000212001F07DF84E4B1860252001F078F88C
:1026F0004C4B1860302001F073F84B4B18602020D1
:1027000001F06EF8494B1860052001F061F80420D3
:1027100001F05EF8464B18702378012B22D15B2024
:1027200001F056F8434B18605A2001F051F8424B23
:102730001860592001F04CF8404B1860582001F007
:1027400047F83F4B18605C2001F042F83D4B187091
:102750005D2001F03DF83C4B18705E2001F038F828
:102760003A4B1880422001F033F820705E2001F0CF
:102770002FF84FF496735843354B186008F070F8F3
:10278000BDE8384008F098B86B2805D868287FF66F
:102790004FAF00F03BFE4BE77B380428F9D947E701
:1027A000FEF7D4FE44E7FEF769FE41E7FEF76AFD57
:1027B0003EE7FEF7ADFD3BE7FEF716FF38E7FEF715
:1027C000D9FD35E7FEF70CFE32E7FEF729FE2FE7CD
:1027D000204C206804F012FD606804F00FFD27E72C
:1027E00004F0FCFA04F0E8FA22E700BFB43000205D
:1027F000AC300020A8300020A43000206C30002035
:102800000080BB440000C842A03000207D2C002086
:1028100098300020903000208C3000207030002054
:102820008830002084300020943000209C3000202C
:102830007E2C0020582C00205C2C0020602C0020D6
:10284000642C00207B2C00207A2C0020782C002087
:10285000742C0020842C0020014B186800F04EBF1F
:10286000942C002000B589B003A804F037FB28B1F0
:10287000DDF815300193DDF81930029304F0A9FA60
:102880004FF400400EF0D8F80499A1F58473012BA1
:1028900005D8044B01AA186803681B69984709B05A
:1028A00000BD00BF1400002008B500200EF020FC81
:1028B000104B1A6801323B2A1A600F4A05D9116879
:1028C0000131116019683C39196013683B2B0B4BBF
:1028D00005D919680131196011683C3911601A680D
:1028E000172A06D906490A6801320A601A68183A96
:1028F0001A6008BD582C00205C2C0020602C0020A1
:10290000642C00202DE9F043ADF68C2D00F0CAFBBD
:1029100000F0F2FC0022C449C44801F077FE012215
:10292000C149C34801F072FE0122C249C24801F008
:102930006DFE0222BC49C14801F068FE0322BA497B
:10294000BF4801F063FE0522B749BE4801F05EFEB4
:102950000422B549BC4801F059FE0B22B249BB48DC
:1029600001F054FE04232022B949BA4801F0C7FB04
:1029700004238022B649B84801F0C1FB04234FF478
:102980000042B649B64801F0BAFB04231022A94917
:10299000B44801F0B4FB04230822A649B24801F070
:1029A000AEFB0125072380229F49B04801F0A7FB19
:1029B00007230422AE49AF4801F0A1FB07234FF4DF
:1029C0000042A349AC4801F09AFB07234FF4804230
:1029D0009F49AA4801F093FB07234FF400529C49FA
:1029E000A74801F08CFB07234FF400729849A548D3
:1029F00001F085FB07234FF480729549A24801F04E
:102A00007EFB07234FF480629149A04801F077FBD9
:102A100007234FF400628E499D4801F070FB0723A5
:102A2000402281499B4801F06AFB07234FF48072E2
:102A30008A49994801F063FB07234FF400727A49F1
:102A4000964801F05CFB07234FF480727649944866
:102A500001F055FB07234FF480527D49914801F066
:102A60004EFB0523082282498F4801F048FB0523CD
:102A700010227F498D4801F042FB052320227C492A
:102A80008B4801F03CFB072340227949894801F03B
:102A900036FB072308226E49874801F030FB0723E5
:102AA00004226B49854801F02AFB07234FF480522A
:102AB0006049834801F023FB07234FF480426C49AF
:102AC000804801F01CFB072301225A497E4801F08F
:102AD00016FB0723802261497C4801F010FB072385
:102AE00040225E497A4801F00AFB042340225849FB
:102AF000784801F004FB042310225549764801F080
:102B0000FEFA002380225A49744801F0F8FA01F0D5
:102B1000D1FC73494FF000700EF0BEF800F07CFB62
:102B200000F0AAFB05F0CAF800F01CFB00F046FB21
:102B300000F06CFCF020FFF759FD0CF0F5FD0DF0F6
:102B40002FFB5548FEF7D8FE5E48FEF7D5FEC4AC15
:102B50000023644A6449009539A800F009FF0DF28A
:102B60006C58002302222046604905F0DDFA02225B
:102B70005F492B46404605F0D7FA5E4B0F20049381
:102B80005D4B0DF5F96705935C4B5D4E069300F0C8
:102B90001FFE2A46002814BF41462146384605F04C
:102BA00009F83A46214619A808F0F8FD032119A8AA
:102BB00008F010FE204604A9C6E9004804F0F2FA25
:102BC00004A9404604F0EEFA4E4B0A201F604E4B1B
:102BD00007AC1F6000F0FCFD56F820700E2000F0DE
:102BE000F7FD56F82010494808F0FEFC04F0F6F80E
:102BF00004F0E2F84FF496424549204609F028FDDA
:102C0000444B1C600FACFEF7A1FCFEF737FCFEF74F
:102C100039FBFEF77DFBFEF7ADFBFEF7E5FCFEF7AB
:102C2000DFFBFEF7FDFB77E000100140B02E002037
:102C3000AC2E0020000C0140A82E0020A42E002065
:102C4000A02E00209C2E0020982E0020942E0020E4
:102C5000001401408C2E0020842E0020000801402A
:102C60007C2E0020742E00206C2E0020642E00206C
:102C7000001801405C2E0020542E00204C2E002015
:102C8000442E00203C2E0020342E00202C2E00202C
:102C9000242E00201C2E0020142E00200C2E00209C
:102CA000042E0020FC2D0020F42D0020EC2D00200F
:102CB000E42D0020DC2D0020D42D0020CC2D002080
:102CC000C42D0020BC2D0020B42D0020AC2D0020F0
:102CD000A42D00209C2D0020942D00208C2D002060
:102CE000C0004000F8460108004800400064004071
:102CF00000680040102B0108C11700086D1600087D
:102D0000842C0020EC310020802C00207028002032
:102D100000380140102800201E49204600F09AFC8F
:102D20001D4B2A4620461D491C6000F0B3FC0A22B8
:102D300020461B4900F0AEFC64222046194900F0F1
:102D4000A9FCC8222046184900F0A4FC7A2000F013
:102D50003FFDA84202D1384602F070F804218120DC
:102D600000F056FD0021822000F052FD4FF00004DB
:102D700039A88DF80F4000F0AFFF0CF069F80CF0A7
:102D80004FFF1E9B002BF3D10DF10F011AA806F087
:102D90000DF9EDE700080040942C002029120008EE
:102DA000F51B000801190008B122000810B5002425
:102DB000634B644A1C741A60634B644A1C721A6049
:102DC000DC721C73624A634B63481A601C72DC72CB
:102DD0001C73624A624B1A60624B634A1A6007F0C6
:102DE00035FD624B624A1C621A601C77614A624B75
:102DF00062481A60624B634A1A60634B634A1A6006
:102E0000634B644A1A60644B644A1A60644B654AB7
:102E10001A60654B654A1A60654B664A1A60664BD4
:102E2000664A5C751A60DC82654A664B1A60664BBE
:102E3000664A1A60664B674A1A60674B674A1A60AF
:102E4000674B684A1A60684B684A1A6004F08EF94A
:102E5000674B684A68481A6007F026FB674B684A68
:102E600068491A60684B694A69481A60694B6A4A3E
:102E70001A606A4B6A4A1A606A4B6B4A1A606B4B5B
:102E80006B4A1A606B4B6C4A1A606C4B6C4A1C7232
:102E90001A606C4B6C4A1A606C4B6D4A1A606D4B31
:102EA0006D4A1A606D4A6E4BC2E9024413600023FA
:102EB000136153619361D3616A4A11606A4A6B4935
:102EC000C2E904441160C2E906441362536293628A
:102ED000D3626749674A11606749C2E90244C2E99F
:102EE00004441483D361136253629362D362136305
:102EF00053639163614A6249C2E9044411606149C4
:102F0000D3609361D361148453629362D362136379
:102F100053639363D36313645364936491605A4B14
:102F20005A4A1A605A4B5B4A1C731A605A4B5B4AE6
:102F30001A6009F087FBBDE8104059480BF05ABBF6
:102F4000402C002098500108242C0020AC47010898
:102F5000E4480108082C0020D42B0020D84A01089E
:102F6000F82B0020EC2B0020204B0108B02B002078
:102F70006C490108104D0108982B0020F82A002008
:102F8000902B0020704E0108882B00209C4E0108D9
:102F9000802B002030520108782B0020442B0108A0
:102FA000702B0020702B0108682B0020C84E0108F0
:102FB000602B0020C44D0108482B00202C50010834
:102FC000744D0108402B0020382B0020484D01088B
:102FD000302B002004520108282B002090530108B8
:102FE000202B0020684B0108182B0020202C010802
:102FF000F02A00209C2B0108E42A0020D82A002077
:10300000E854010868540108D02A0020D05701086C
:1030100048280020C82A0020FC2B0108BC290020D9
:10302000E0500108B029002044540108A4290020E0
:10303000E8520108982900200C5301088829002033
:10304000C452010880290020582C0108742900204E
:10305000845401086C290020C02B01084C29002051
:10306000105001084429002014290020F44F0108C1
:10307000CC540108D82800200000FA438C280020F6
:10308000145501080000C84284280020DC2B0108E8
:10309000742800207850010868280020202B01089F
:1030A0001428002008B50DF02BFF02200DF000FFC2
:1030B0004FF0E0232A4A40F20230C3F80C2D0DF005
:1030C00065FF40F203300DF061FF4FF441700DF0E9
:1030D0005DFF40F205300DF059FF40F206300DF073
:1030E00055FF40F292300DF051FF40F291300DF05B
:1030F0004DFF40F20E300DF049FF40F20B300DF065
:1031000045FF4FF460700DF041FF40F281300DF04B
:103110003DFF40F282300DF039FF4FF420700DF08A
:1031200035FF40F209300DF031FF40F286200DF0FE
:103130002DFF4FF440700DF029FF40F299300DF053
:1031400025FF40F29A300DF021FF40F28E300DF055
:103150001DFFBDE8084040F28F300DF017BF00BFE3
:103160000003FA0513B50024202123462246CDE9A9
:10317000004410480EF02AF821460E480EF01EF8C2
:103180000C480EF00DF80B480EF013F84FF42043E6
:103190000222032108480DF04FFD4FF48043012225
:1031A000214605480DF048FD024802B0BDE8104038
:1031B0000DF0EABF00380040000C014013B50024B8
:1031C0004FF080514FF000700DF066FD234622460F
:1031D0002021CDE900440E480DF0F8FF0C480DF019
:1031E000DFFF0B480DF0E5FF4FF4A053022203214F
:1031F00008480DF021FD4FF40063012221460548E7
:103200000DF01AFD024802B0BDE810400DF0BCBF41
:10321000003C00400010014008B5022204230321B5
:1032200012480DF009FD0823012200210F480DF07E
:1032300003FD0F490F480EF087F908210D480EF0E5
:1032400097F900210B480EF09CF90C2109480EF06B
:10325000A4F9002107480EF09AF9064800210EF063
:10326000A2F9BDE8084003480EF0A3B900080140E8
:1032700020A107000044004008B511200EF032FAEA
:10328000F02111200EF03CFA10200EF02BFAF02164
:1032900010200EF035FA1E200EF024FA00211E2018
:1032A0000EF02EFA14200EF01DFAE02114200EF07C
:1032B00027FA13200EF016FAE02113200EF020FA60
:1032C00028200EF00FFA4FF400400DF0ABFB012167
:1032D0004FF400400DF08AFB06494FF400400DF01A
:1032E000B1FB03200EF0FEF9BDE8084020210320C9
:1032F0000EF006BA0018014008B54FF22341032032
:103300000DF028FF00200DF0C7FE00200DF0F0FEAC
:10331000BDE8084000200DF0CDBE0000022208B537
:1033200011464FF4007316480DF086FC15480DF059
:1033300095FF00232022194612480DF068FF202136
:1033400010480DF090FF072200210E480DF08FFF6E
:1033500000210C480EF090F80A480EF0E7F84FF400
:10336000C872002107480EF0D1F806484FF4886172
:103370000DF07BFFBDE8084002480DF06ABF00BFBA
:1033800000180140002C014008B5022303211A4611
:103390001D480DF051FC4FF080400DF05FFF002301
:1033A0004FF080401A4619460DF031FF00214FF0D2
:1033B00080400DF058FF4FF080400DF031FF4FF08E
:1033C00080400DF041FF8F214FF080400DF04DFF08
:1033D00002214FF080400EF074F8062202214FF0D7
:1033E00080400DF044FF02214FF080400EF044F881
:1033F0004FF08040482202210EF088F8BDE80840D6
:103400004FF080400DF025BF000801406B2038B51B
:1034100000F0DEF9132808D1022201231146874863
:103420000DF00AFC002425460DE06B2000F0D0F9D9
:10343000142840F092800222012311467F480DF0AB
:10344000FBFB002401256A2000F0C2F9132840F09C
:10345000998002228023114679480DF0EDFB692006
:1034600000F0B6F9132840F0AE8002224023114646
:1034700073480DF0E1FB73480DF0F0FE0021714838
:103480000DF0D3FE6F480DF0CBFE062200216D48F3
:103490000DF0EDFE062202216A480DF0E8FE06223C
:1034A000042168480DF0E3FE002166480DF0A5FFF9
:1034B000022164480DF0A1FF042162480DF09DFF38
:1034C000002160480DF0B3FF02215E480DF0AFFF10
:1034D00004215C480DF0ABFF00215A480DF0CCFFF1
:1034E000022158480DF0C8FF042156480DF0C4FFD2
:1034F000002D40F08980002C40F086807C2000F078
:1035000067F901464F480DF0B0FE7D2000F060F9EC
:10351000214602464B480DF0F9FF7E2000F058F995
:103520000221024647480DF0F1FF7F2000F050F9DC
:103530000421024643480DF0E9FF012141480DF006
:10354000FAFF7B2000F044F901463E480DF08BFE67
:10355000BDE838403B480DF07CBE6B2000F038F9E8
:10356000152808D102220123114634480DF064FBCE
:103570000124002567E7072301223049324800F083
:10358000BEFD4FE76A2000F023F9142807D102227C
:10359000802311462A480DF04FFB01255FE76A2082
:1035A00000F016F9152807D102228023114624487D
:1035B0000DF042FB012452E70723802220492348D3
:1035C00000F09DFD4BE7692000F002F9142807D1B7
:1035D0000222402311461A480DF02EFB01254AE72E
:1035E000692000F0F5F8152807D102224023114682
:1035F00013480DF021FB01243DE707234022104929
:10360000134800F07CFD36E741F68C110D480DF0B3
:103610002CFE012200210B480DF078FF012202212F
:1036200008480DF073FF0122042106480DF06EFFDB
:10363000012104480DF07FFF0A2186E7000C0140BC
:103640000008014000040040B42D0020AC2D0020F3
:10365000A42D002038B50C460546016208460DF041
:10366000DFFD20460DF0EBFD084B20461968084BA6
:10367000B1FBF3F101390DF0F6FD20464FF6FF7175
:103680000DF0F3FD002328466B6238BDFC250020B9
:10369000A0860100F8B5436A0446032B0F462ADCD6
:1036A000006A02EB8205144E0DF0D8FD636A012218
:1036B000F15C206A0DF0DBFD636A0022F15C206A98
:1036C0000DF024FF0221636A05EB850503F1080272
:1036D000AD0044F82370994024F81250206A0DF090
:1036E00089FD0021206A0DF02CFF206A0DF0B1FD4C
:1036F000636A01336362F8BD982C01082DE9F84331
:10370000044600254FF0020800F11006636A08FA2B
:1037100005F7AB420ADC3946206A0DF075FD01352C
:10372000042D06F10206F1D1BDE8F8833946206A7E
:103730000DF064FDA8B1206A0DF001FF236A318805
:10374000343353F8252081460A4443F8252054F8A1
:1037500025309847206A0DF0F2FEA0EB0900308179
:10376000D9E7636AAB42DADCD5E7002170B500F136
:103770000E03446A4FF47A7508468C4200DC70BD33
:103780005A8933F8026F6A43B2FBF6F201311044F2
:10379000F3E7000010B51C24084B04FB0033DC6881
:1037A0008C4209DC1B698B4206DB054B43F8201079
:1037B000FEF71CFF002010BDFF20FCE7EC030020FB
:1037C0002C000020014B53F8200070472C000020F3
:1037D000024B53F820004011704700BF2C0000201E
:1037E00008B5054B53F820000EF05CFE4FF0745105
:1037F0000EF0ACFE08BD00BF2C000020034B53F8B8
:1038000020004011431E5842584170472C000020B0
:10381000024B490143F82010704700BF2C000020E4
:10382000014B43F8201070472C00002010B50446CF
:1038300008464FF084410EF089FE0FF063F8024B0A
:1038400043F8240010BD00BF2C00002070B50646D0
:103850000024074D3146686800F0AAFB08B9E0B2C1
:1038600070BD0134F02C05F11C05F3D1F120F7E710
:10387000EC0300200023064A118B814201D1D8B20B
:1038800070470133F02B02F11C02F5D1F120704793
:10389000EC0300201C22024B02FB0030704700BFEB
:1038A000EC0300200023064A0649108B10B1506932
:1038B00041F823000133F02B02F11C02F5D17047CF
:1038C000EC0300202C000020014B1954704700BF6E
:1038D000982C0020024B1A5C11431954704700BF0A
:1038E000982C0020024A135C23EA0103135470470A
:1038F000982C0020014B185C704700BF982C0020CA
:103900001C22024B02FB0033987E7047EC03002020
:1039100000487047B7A80300024B1A68024BC3F86F
:10392000782E7047D8240020EC03002020218068E6
:103930000DF065BE80680DF05ABE10B504464368B0
:10394000597A58680DF029F8636804F12A02597A07
:1039500058680DF034F863688022597A58680DF081
:103960003EF86368BDE81040597A58680DF00CB80D
:1039700070B5026140F201120D464A49828201602F
:1039800001210022817580F8281004460421C0E935
:10399000062280F8202042629DF81020856080F881
:1039A0002920414A037342601068A84203D01C32A8
:1039B00001396260F8D13D490C60002B6FD050692D
:1039C000138B022203210DF037F928464FF4E13121
:1039D0000DF0BAFD284608210DF0CAFD28464FF427
:1039E00000510DF0CEFD28460C210DF0D6FD2846E5
:1039F00000210DF0CCFD002128460DF0D4FD284615
:103A00000DF0E7FD28460DF0E9FD6368197A586866
:103A10000CF04AFF6368197A58680CF0ACFF6368D1
:103A20002A1D197A58680CF0C1FF63680022197AC0
:103A300058680CF074FF63680022197A58680CF01B
:103A400061FF6368197A58680CF076FF6368597AE9
:103A500058680CF029FF63682A1D597A58680CF0E1
:103A6000A5FF63680022597A58680CF058FF636814
:103A70000022597A58680CF045FF6368597A5868F3
:103A80000CF05AFF63685868597A0CF07DFF2046A5
:103A9000FFF753FF28460DF08CFD204670BDD0681F
:103AA000138A8EE78446010888460108882D002085
:103AB00038B5437D0D4643B10469216819B12846E4
:103AC00000F076FA20B9236803B90024204638BDF7
:103AD0000834F2E738B504460D4663680222197AC5
:103AE00058680CF0F8FE18B994F82830002BF4D080
:103AF0006368197A58680CF050FF6368AAB2197AA3
:103B000058680CF06CFF94F82020636804EBC21234
:103B1000197A5868AA320CF052FF63680222197AA7
:103B200058680CF0D2FE6368197A58680CF02CFFC4
:103B300094F82030B3FA83F35B0984F82030002333
:103B400084F8283038BD10B50446A37D084623B953
:103B5000A068BDE810400DF031BD94F82030626AD5
:103B600004EBC31313440A2802F1010183F8AA00ED
:103B700001D07F2A05D12046FFF7ACFF0023636206
:103B800010BD6162FCE7802A28BF8022002330B488
:103B9000934203D130BC1946FFF79CBF90F82040F8
:103BA000CD5C00EBC4141C4484F8AA500133EFE749
:103BB00038B5054608460C4600F011FA2146024683
:103BC0002846BDE83840FFF7DEBF000010B50446C8
:103BD000084600F057FA00F03CFA217D227B814232
:103BE000636811D1012161755AB158691B8B03219A
:103BF00002220DF021F82046BDE810400949FFF7E8
:103C0000D7BFD8681B8AF2E7002161753AB15869BD
:103C10001B8B0122BDE8104000210DF00DB8D868C3
:103C20001B8AF6E7753E010830B5044685B00846A4
:103C300000F028FA0378302B26D0322B144D18BF11
:103C40004FF46125637DA3B10A22294601A800F043
:103C5000D6F920460F49FFF7ABFF20460E49FFF784
:103C6000A7FF204601A9FFF7A3FF20460B49FFF756
:103C70009FFF2946A0680DF067FC0021A06805B0F1
:103C8000BDE830400DF07DBC4FF4E135DAE700BF10
:103C900010552200743E01087A3E01088145010852
:103CA00010B50446084600F0EDF9037823B1303B27
:103CB00018BF012384F8293094F829302BB1044926
:103CC0002046BDE81040FFF773BF0249F8E700BF88
:103CD000893E0108933E01082DE9F04143680446FE
:103CE000597A58680CF074FE0546C0F1800710B987
:103CF0002046FFF722FE94F82930A06813B1E3694B
:103D0000BB4257DB08210DF07AFC10B1A0680DF022
:103D10006EFC7F2D00F39880631B93F8A9300A2B6B
:103D200001D00D2B7DD16368597A58680CF035FEAF
:103D30007F2D3AD00022E31983F82A202021E26166
:103D400004F12A0000F052F990F800800546B8F11D
:103D5000000F37D10A2104F12A0000F047F9054687
:103D600084F8AA812B782BB90D2104F12A0000F0E8
:103D70003DF90546002335492B7004F12A00A36163
:103D800000F016F920BB204604F5D571FFF71EFFA1
:103D90000027A369002B3AD0A0680DF02CFCA36982
:103DA00020465B6804F5D57198472046BDE8F04190
:103DB000FFF7C3BD5A1CE261234493F82A100DF0AB
:103DC000FDFB98E7411C04F5D57000F0FFF8C9E74A
:103DD0001F4904F12A0000F0EBF828B9204604F549
:103DE000D571FFF721FFD3E71A4904F12A0000F04B
:103DF000DFF828B9204604F5D571FFF751FFC7E772
:103E0000204604F12A01FFF753FEA061C1E7012F0C
:103E1000CBDD637D002BC8D020460F49FFF7C8FEDD
:103E2000C3E794F82A30212B0ED1A36963B1204651
:103E3000FFF783FD0023E361A369204604F5D571F4
:103E40005B68BDE8F0411847BDE8F0819E3E01087F
:103E5000A93E0108B23E0108B73E0108034BC1B2BA
:103E60001B681A6818461268104700BF882D00208A
:103E700010B504460CF03EFA2046BDE8104001495A
:103E800000F00ABBD23E010807B50649D1F8F02779
:103E9000D1F8EC37D1F8E8170091034900F0FCFAAB
:103EA00003B000BD00F0FF1FF83E01080CF004BA9B
:103EB00010B504460BF078FD2046BDE810400149DE
:103EC00000F0EABA013F01080BF0C8BC03F074BF70
:103ED00005F06CB873B5144800F0CCFA134800F044
:103EE000C9FA0024E6B23046FFF7D4FC0546304656
:103EF000FFF706FD68B93046FFF7FCFCC3070DD499
:103F00006B690B4800936968D5E9032300F0B2FAA6
:103F100004E03046FFF7F4FC0128ECD00134F02C2B
:103F2000E0D102B070BD00BF323F0108493F010837
:103F3000653F010870B50B4900F0AEFA0024E0B20D
:103F4000FFF7A8FC0546E0B2FFF7D4FCC30704D492
:103F5000D5E90112044800F08DFA0134F02CEED1BD
:103F600070BD00BF783F01089A3F0108F8B50646CA
:103F70000024E0B2FFF78EFC4768E0B2FFF722FCB6
:103F8000013403463A463046024900F085FAF02CE7
:103F9000EFD1F8BDA43F010810B50446FFF782FC3D
:103FA0002046BDE81040014900F076BAAD3F010857
:103FB000431E013913F8010F11F8012F10B10AB196
:103FC0009042F7D0801A18BF01207047013911F8CC
:103FD000013F0BB90370704700F8013BF7E700237E
:103FE000C25C0AB9184670470133F9E703461A78EC
:103FF00018461AB18A4203F10103F8D1704700292B
:1040000070B51EDA2D23012400F8013B4942064613
:1040100091FBF2F302FB131130313170191E35465A
:1040200006F10106F4DC00220346201A3044327007
:10403000AB420BD21A78297803F8011B05F8012945
:10404000F6E704D1302341700370012070BD0024D5
:10405000DDE730B503782D2B11D14FF0FF3401305F
:1040600000210A25431E01E005FB012113F8012F61
:10407000303AD0B20928F7D904FB01F030BD012451
:10408000EEE7000010B5144C02780146A2F10A03D5
:10409000DBB2162B1BD824FA03F3DA0700F1010078
:1040A000F2D40846FFF79BFF0138084481420446DA
:1040B0000AD203780A3BDBB2162B05D8064A013830
:1040C00022FA03F3DB07F1D40023637001E0002A36
:1040D000E7D1084610BD00BF09004000002310B51D
:1040E000934200D110BD51F8234040F823400133E2
:1040F000F6E702B97047013A40F8041BF9E72DE9E9
:10410000F041174682800022013B0E460160827119
:10411000082B0BD8DFE803F0080E0C181505242631
:104120001A000024002513E0012383710224F9E71B
:104130000123837102240025394630460CF0B6FD78
:1041400006E001248471EDE70124EBE70224032556
:104150003B46224629463046BDE8F0410CF06CBD96
:104160000024F4E701240325E6E770B50C1EACBF7C
:1041700001234FF0FF335C430133064608BF2D2374
:104180004FF0640208BF06F8013B611104F01F0400
:104190000546544330460A22FFF731FF2E226411B0
:1041A000092C3254D8BF302206EB0003D8BF5A7016
:1041B00021464FF00A02CCBF581C981CFFF71FFF86
:1041C000284670BDF0B5027803462D2A13D14FF072
:1041D000FF30013300250A2702E007FB05250133E4
:1041E0001C78A4F13002D6B2092EF6D9A4B98D40BC
:1041F00025446843F0BD0120ECE78A4002EB6602EB
:1042000092FBF6F20CFB06F6144413F8012F303A39
:10421000D7B2092FF1D9EAE70A260024B446F4E719
:104220002DE9F843141E0646894614DC2027DB07D7
:104230001FD50025C84626E0013219F802100029D2
:10424000FAD1A242ACBF0C46A41A13F0020F14BF5D
:1042500030272027EBE70022EFE73368414630465E
:104260001B689847013D002DF7DC24EAE475641BC8
:10427000E0E725465FFA87F8F5E7336830461B68C4
:1042800008F10108984798F800100029F5D1A5EB2E
:1042900009054544A046FFB2B8F1000F05DC002C2B
:1042A000ACBF2819281CBDE8F8833368394630466E
:1042B0001B68984708F1FF38EEE72DE9F04385B019
:1042C0008046DDE90C691C460D4651B93023324663
:1042D000ADF8003069464B46FFF7A2FF05B0BDE8D8
:1042E000F08323B10A2A2DD100292BDA4D42002375
:1042F0008DF80D300E9B0DF10D0C3A3BB5FBF2F035
:1043000002FB1051CF18092988BF3946AA4201F192
:1043100030010CF1FF370CF8011C15D954B1B6B1BE
:1043200019F0020F13D0D8F800302D2140461B6839
:104330009847013E4B46324639464046FFF770FFEC
:104340002044CBE70024D2E70546BC46D6E72D2320
:10435000002407F8013CACF10207EBE70846FFF741
:104360007DBD00002DE9F04380460E461446002531
:104370004FF00A098DB0317819B928460DB0BDE863
:10438000F08325296DD171780029F6D0252906F111
:10439000010065D02D290ABF01270027B01C037832
:1043A000302B14D0002203780646A3F130015FFAC7
:1043B00081FCBCF1090F0ED9662B3DD00FD8632BC1
:1043C00044D0642B1CD0582B2ED00136D3E70130BB
:1043D00047F00207E3E709FB02120130E3E7752B20
:1043E00024D0782B19D0732BEFD1216820483B467D
:1043F000002908BF014604344046FFF711FF0AE0D8
:104400006123CDE90173012300920A22216840460D
:104410000434FFF752FF0544D7E76123CDE9017368
:10442000009200231022F1E74123F7E76123009275
:10443000CDE901730023E8E7216808A80592043458
:10444000FFF793FE3B46059A08A9D5E7236807A91D
:104450008DF81C30002304348DF81D303B46CBE72B
:104460000646D8F8003040461B6898470135ACE74F
:10447000214001080FB407B504AA52F8041B054BEC
:104480006846CDE90032FFF76DFF03B05DF804EB3D
:1044900004B07047A04701080EB403B503AA52F850
:1044A000041B0192FFF75EFF02B05DF804EB03B05E
:1044B0007047000008B529480BF08AFF27480BF029
:1044C0008CFF26480BF093FF24480BF08BFF012153
:1044D00022480BF068FF21480BF02EFF1F480BF01D
:1044E00045FF1E480BF055FF1D4A08211B480BF0E5
:1044F00083FF1A480BF0C3FF4FF4602117480BF0FD
:104500002BFF0121174A18480CF050FA0121174AD5
:1045100015480CF054FA4FF48072012112480CF047
:10452000FEF94FF4806201210F480CF0EBF9602294
:1045300001210D480CF053FA01210B480CF0FCF955
:10454000012109480CF001FA074801210CF01CFA7E
:10455000BDE8084001480BF088BF00BF00240140BF
:10456000742F00204C24014000000240B42E002093
:10457000884207DD914203DC01469142A8BF114603
:10458000084670479042F8DD0146F9E737B56D46B9
:10459000046804F13003F03433F8102C33F8201C95
:1045A00033F8300CFFF7E4FF3033A34225F8020B59
:1045B000F2D1BDF80230BDF800001844BDF8043057
:1045C0001844BDF806301844C0F38F0003B030BD66
:1045D00008B50D4B98420BD003F5806398420BD081
:1045E000A3F5006398420BD1072909DCC8B208BDC6
:1045F000012905DC0831F9E7052901DC0A31F5E775
:104600000BF0A2FE1020F2E7000C0140012370B570
:1046100093400C4615460022064611469BB22046A2
:104620000CF00AFB29462046FFF7D2FF3368034A05
:104630009B1A034AC3F34F03D05470BDB42E00201D
:10464000742F00200D4B0E4A991C13600D4A116007
:104650000D4A191D11600D4A991D11600C4A03F194
:10466000080111600B4A03F10A0111600A4A03F1C3
:104670000C011160094A0E3313607047B42E0020FC
:10468000B02E0020AC2E0020A82E0020A42E00204A
:10469000A02E00209C2E0020982E0020942E00207A
:1046A000114A124B30B553F8213052F821401946C7
:1046B000A342A8BF2146026802F1C8058D4206DB6D
:1046C000A342B8BF234603F1C804A24202DD016041
:1046D000002030BD8A4202DA01600120F9E79A42E7
:1046E000FBDD0360F9E700BFB4300020AC300020F0
:1046F000012970B516D80C4B53F821400B4B53F8D9
:104700002150AC420ED0001B0DF0CCFE0646281BFB
:104710000DF0C8FE014630460DF0CCFF04490DF007
:1047200015FF70BD0020FCE7B4300020AC30002045
:104730000000C842F8B5224B05461C6801462046D9
:104740000EF0C0F800B12C461E4B21461E683046C4
:104750000EF09AF800B126461B4D31462F683446BC
:1047600038460EF09BF8002198B130460EF0AAF8BA
:1047700068B1164B196838460DF0E0FD3146044625
:104780000EF0A0F800B1344620462C60F8BD104B66
:10479000F0E730460EF08CF80028F5D100213846BD
:1047A0000EF090F848B10020094B19680DF0C4FDD7
:1047B000314604460EF068F8E4E73846F4E700BFF7
:1047C000983000209030002060300020843000209D
:1047D00088300020F8B5054687200E461746FEF7BC
:1047E000F7FF3146044628460EF058F8E0B94FF07E
:1047F000804130460DF0A2FD29460EF063F8A8B1C5
:1048000044F01001872089B2FFF702F8124D3E688C
:10481000002130460EF04CF8A0B1294630460EF08B
:1048200033F828B1344604E00C4DF0E70025EEE7FC
:104830002C46284609493C600EF026F8003818BF7F
:104840000120F8BD05F10044214630460EF03AF84B
:104850000028EED0E6E700BF000048420000C84252
:104860002DE9F843064629200D46FEF7B9FF304FE3
:10487000DFF8C08038602A20FEF7B2FFC8F80000D9
:104880008720FEF7A5FFD7F8009020F00304002151
:104890004846A4B20EF016F828B3002130680EF096
:1048A00007F8254F28B3494628460DF045FD234912
:1048B0000DF04CFE002105460DF0E6FF00B100258D
:1048C0003D603768294638460DF0FCFF44F001038F
:1048D0009BB2002818BF1C46294638460DF0D4FF6D
:1048E00000B13D4635602146BDE8F8438720FEF71C
:1048F0008FBF2846D8F800100DF01EFD0F490DF0AF
:1049000025FE002105460DF0DDFF00B100253D60CC
:104910003768294638460DF0B7FF44F002039BB2D2
:10492000002818BF1C46294638460DF0CBFFD7E7B4
:10493000803000207C300020683000200000604083
:104940002DE9F8430C46444D4449064628680DF0CD
:10495000FDFD21460DF0F2FC4FF076510DF0F6FD15
:1049600028608820FEF73CFF3D4904460DF08CFF8F
:104970003C4F002300283CD03B60DFF8EC808720D0
:10498000C8F80030FEF724FFD7F8009020F00C04A0
:1049900000214846A4B20DF095FF20B300213068F5
:1049A0000DF086FF2D68314F002839D02946484642
:1049B0000DF0C2FC002105460DF066FF00B1002598
:1049C0003D603768294638460DF07CFF44F0080307
:1049D0009BB2002818BF1C46294638460DF054FFEC
:1049E00000B13D4635602146BDE8F8438720FEF71B
:1049F0000FBF3320FEF7F4FE1D490DF0A7FD214641
:104A00000DF058FE38603420FEF7EAFE184900F138
:104A100000400DF09BFD21460DF04CFE0346ACE737
:104A20002846D8F800100DF089FC002105460DF04D
:104A300049FF00B100253D603768294638460DF032
:104A400023FF44F004039BB2002818BF1C462946EC
:104A500038460DF037FFC3E7802F0020000070417B
:104A6000000048427430002078300020643000207C
:104A700000007A44104B70B51A68066801EB021406
:104A8000A41A24110546002130461C600DF01AFFBF
:104A900088B10A4B1868001B48BF0330801020EA19
:104AA000E0700DF0FFFC0446014630460DF00AFFB1
:104AB00000B126462E6070BD7C2F00207030002093
:104AC000F8B50E4A064614780D4F0134E4B2312C85
:104AD0008ABF002323461C460A4D386855F8241027
:104AE00013700DF029FC31460DF028FC06493860A2
:104AF00045F824600DF0DEFDF8BD00BF842F0020D6
:104B000050300020882F00200000484200000000A4
:104B10002DE9F74F8046A92092468946FEF758FEB8
:104B20000446B220FEF754FE074684EAE470A0EB88
:104B3000E4700DF0B7FCDFF8F8B10446DBF8005084
:104B400029460DF0F9FB002101900DF09DFE019B1F
:104B500008B103F10043774A1946166830460DF054
:104B600093FE50B1294620460DF0ACFE3146002898
:104B70003CD028460DF0E2FB0446CBF80040002F65
:104B800000F0CE8020460DF0BDFE0546BAF1000FC4
:104B900030D0632840F3C4800DF084FC664B80461F
:104BA0001E6831460DF070FE002840F0B980634B5E
:104BB00040461F68624B39461C680DF065FE88B19F
:104BC00030460DF09FFE064620460DF09BFEAD1BC5
:104BD000454338460DF096FE801B95FBF0F00DF036
:104BE00061FC0446204603B0BDE8F08F28460DF076
:104BF000A3FBC1E749464046FFF77AFD514B064605
:104C00001C68014620460DF05DFE002876D1214645
:104C100030460DF091FB214606464B480DF08CFBCB
:104C2000014649480DF046FD31460DF08FFC044623
:104C3000464B20461C60FFF743FF014606462046D0
:104C40000DF07AFB424980460DF01EFE30B94FF060
:104C50007E5140460DF036FE00B93446632D4FDDDF
:104C600028460DF01FFC344B8246D3F800804146A5
:104C70000DF00AFE002843D1304B5046D3F8009087
:104C8000344B49461E680DF0FFFD98B140460DF0CB
:104C900039FE804630460DF035FEA5EB080545434C
:104CA00048460DF02FFEA0EB080095FBF0F00DF04C
:104CB000F9FB0646284D012F2E6023D127493046A7
:104CC0000DF044FC05462549254B18680DF03EFCC7
:104CD00029460DF031FB21460DF038FC1A490DF044
:104CE000E9FC29460DF02AFB0DF020F80EA3D3E9CC
:104CF00000230DF073F80DF0CBFA72E7002497E76C
:104D00000026D7E72820FEF763FD08B900232B60B3
:104D1000124928680DF01AFC10490546114BD4E7DA
:104D200000245FE7AFF300809A9999999999B93F68
:104D30005C3000206C300020A4300020A83000201F
:104D40009C3000208C3000200000C84254300020ED
:104D5000000080BFA030002058300020000020411B
:104D60009830002094300020024B00BF013BFCD162
:104D7000704700BF00127A0010B50446002240F2CE
:104D8000215102F01EFA002240F22251204602F088
:104D900018FA002240F22351204602F012FA0022B3
:104DA00040F22451204602F00CFA002240F2255134
:104DB000204602F006FA002240F22651204602F078
:104DC00000FA002240F22751204602F0FAF920466C
:104DD000BDE8104000224FF4A56102F0F2B90000D6
:104DE000002313B5054A40F21141CDE900230368C1
:104DF0006A465C680823A04702B010BD3400010079
:104E00003222002313B5CDE9002303686A465C68AB
:104E100040F211410823A04702B010BD002313B592
:104E2000054A40F21141CDE9002303686A465C68F7
:104E30000823A04702B010BD340101002DE9F7435B
:104E40000026174B05461E702024FFF7C9FF4FF0C0
:104E50004209FFF789FF4FF4C8482B6801966A465C
:104E600040F2114128465F688DF8004008238DF814
:104E70000190ADF802800134B847E4B22846FFF74C
:104E800073FFFFF7BDFFFFF76FFF292CE5D1284621
:104E9000FFF7C4FFFFF768FF03B0BDE8F08300BF72
:104EA0002C1E0020D0F80220014B1A60704700BF72
:104EB000D8300020D0F80220014B1A60704700BFA4
:104EC000C8300020D0F80220014B1A60704700BFA4
:104ED000C4300020D0F80220014B1A60704700BF98
:104EE000C0300020054A1388013313800A22D0F80D
:104EF000023093FBF2F3024A13607047DC3000206B
:104F0000BC300020D0F80220014B1A60704700BF6F
:104F1000D0300020D0F80220014B1A60704700BF4B
:104F2000D4300020D0F80220014B1A60704700BF37
:104F3000CC3000206FF4A463C3180846072B15D8A3
:104F4000DFE803F00406080A0C0E1012FFF7AABFF0
:104F5000FFF7B0BFFFF7B6BFFFF7BCBFFFF7C2BF99
:104F6000FFF7D0BFFFF7D6BFFFF7DCBF7047016187
:104F7000704741617047007A7047007A704700239C
:104F8000C372704710B504460022616008464FF4B2
:104F9000987102F016F900224FF43F71606802F038
:104FA00010F900224FF49061606802F00AF960681D
:104FB0000022BDE810404FF4D07102F002B90000A9
:104FC0002DE9F0410025BCB08846F02268460F4923
:104FD0000DF024FD6C4614262F4620680DF062FA71
:104FE00041460DF05BFC08B1D4E90175013E04F1C6
:104FF0000C04F2D139467620FEF70AFC29467720C8
:105000003CB0BDE8F041FEF703BC00BFEC4701082F
:1050100010B404686468A44610BC6047037E73B58E
:105020000446002B50D0B220FEF7D2FB324B0028B2
:105030004CD10321314A20731170E1221A701B7880
:105040002F4D8DF800300C238DF801308F238DF813
:1050500002302B7860688DF80330F0238DF804302F
:1050600003686A464FF4E9715E680523B0472B7800
:105070003B201033DBB2ED2B08BF0D232B70FEF766
:10508000A7FB204BC0B21A78824215D04FF40952C8
:10509000ADF8002000228DF802204FF0FF3201927F
:1050A00030BB30228DF8032018706A46082340F286
:1050B00092516068FFF7ACFF236894201D6AFEF7E9
:1050C0008FFB01462046A84702B070BD421C06D1A6
:1050D000012202212273094A1170D222AEE701286F
:1050E000ADD1032208212273044A11707822A5E76A
:1050F0000828D9D13122D5E7321E0020311E0020E8
:10510000E4300020DE3000200B7803F0010343720E
:105110000B78C3F3800303720B78C3F3001383721D
:105120008B78C3F3C0034376704700000000000093
:1051300008B54B7808781B0203F4706318440CF030
:10514000E3FD09A3D3E900230CF048FE0DF0A0F81D
:1051500007490DF0FBF9BDE808400146AA20FEF71B
:1051600065BB00BFAFF300809A9999999999B93FAF
:105170002B121F3F0B78842B03D10121EE20FEF769
:1051800047BB812B01D10021F8E770474B78323BB8
:1051900018BF0123037670470B46B3F53F7F1146D6
:1051A0000FD006DCB3F5987F07D0B3F5D07F06D0DB
:1051B0007047B3F5906F06D07047FFF7A5BFFFF7B4
:1051C000B7BFFFF7D7BFFFF7E1BF000003682DE9C6
:1051D000F74F5B6B05460E469847634C002800F07E
:1051E000BD80A920FEF7F4FA40F2ED23984240F387
:1051F000B280A920FEF7ECFA800080B20722942149
:10520000237843F0500300278DF802200A44AA3285
:1052100002EB10228DF80130ADF804001344C0B247
:10522000034403EB23236A4668688DF806108DF863
:105230000030AA2108238DF807708DF80370FFF75E
:10524000E7FEBE420CBF04226422DFF820A14FF02B
:105250000F0B9AF80010DFF8189101F5FC73134456
:1052600003EB13238DF800304EF22103ADF802302A
:1052700041F6217368688DF80110ADF80430A8215B
:1052800008238DF807206A46DFF8E8808DF806B01D
:10529000FFF7BEFE99F800306A468DF8003098F8A6
:1052A0000030A9218DF801304DF67973ADF8023048
:1052B000314B686801930823FFF7AAFE2F4E304B4D
:1052C0003278197868688B188DF80010FF2103F583
:1052D000E47303EB13238DF801108DF80530BA2128
:1052E00007238DF806206A46ADF802B08DF80470E9
:1052F000FFF78EFE23782349013323700B78224A6F
:1053000001330B709AF80030307801338AF800309E
:1053100099F800300130013389F8003098F80030F6
:105320003070013388F8003013780133DBB25C2B26
:1053300013700DD1BE230B70E92389F800304D2383
:105340001370802327708AF8007088F8007033701B
:1053500003B0BDE8F08F40F6B8304FE72378FE2267
:10536000842143F030034EE7DF300020E13000209D
:105370002F1E0020E03000201DC7E0212D1E002040
:10538000311E0020301E00202E1E0020037E10B58E
:10539000044643B1BE20FEF731FA01462046BDE87F
:1053A0001040FFF713BF10BD73B506468220FEF70D
:1053B0000FFA012815BF00239C231A469E224FF0A6
:1053C000900014BF1D4660258DF804308DF805202F
:1053D000FEF706FA014621480CF0AEFF20490446CC
:1053E0000DF070FA002835D120460DF08BFA6423B9
:1053F00058434FF4FA7390FBF3F032300DF052F84B
:1054000018490CF09BFF3C23174C8DF800300DF031
:105410009FFA23786A461D43C3238DF8033048F270
:10542000CD234FF4E8718DF80100ADF806307068B7
:1054300008238DF80250FFF7EBFD0C4A2178137812
:105440008B4209D10133DBB20F2B08BF002323703D
:1054500002B070BD0648D6E71170F9E70000C842F7
:105460000040034400004042E3300020E2300020CE
:1054700000001643037E73B50446A3B148F26123CE
:105480000093C37A63B9032560686A46036840F2F3
:1054900032315E680223B047013DF5D10123E3724A
:1054A0002046FFF781FF02B070BD01617047416186
:1054B0007047007A7047007A70470023C3727047C4
:1054C00010B504460022616008464FF4987101F05F
:1054D00078FE00224FF43F71606801F072FE0022F6
:1054E0004FF49061606801F06CFE00224FF4D071BF
:1054F000606801F066FE60680022BDE8104040F27E
:10550000FE3101F05EBE00002DE9F84F00250F4688
:105510002C46284E28460CF0C5FFA04639460134DB
:10552000814656F8345006EBC40B0DF0B7F900284D
:105530003CD028460CF0B6FF394682460DF0B8F94B
:10554000002833D006EBC808D8F804000CF0AAFFF6
:105550000446DBF804000CF0A5FF21460CF0ECFE3D
:105560004946054638460CF0E7FE49460646504691
:105570000CF0E2FE014630460DF09CF8014628464C
:105580000CF0E4FF21460CF0D9FE4FF07C510CF0FA
:10559000D5FE0DF0B7F9044621467620FEF738F91E
:1055A0002146BDE8F84F7720FEF732B9072CB1D17C
:1055B000FF24F1E724490108037E37B504462BB3E5
:1055C0003B20FEF705F9144BC0B21A78824215D081
:1055D0004FF40952ADF8002000228DF802204FF060
:1055E000FF320192A0B930228DF8032018706A466C
:1055F000082340F292516068FFF70AFD2368942067
:105600001D6AFEF7EDF801462046A84703B030BDFD
:105610000828EBD13122E7E7EC3000200B7803F0CB
:10562000010343720B78C3F3800303720B78C3F357
:10563000001383728B78C3F3C00343767047000076
:1056400008B54B7808781B0203F4706318440CF01B
:105650005BFB07A3D3E900230CF0C0FB0CF018FEA2
:10566000BDE808400146AA20FEF7E0B8AFF300808D
:105670009A9999999999B93F10B50B780C46842B52
:105680000BD10121EE20FEF7C3F86178EF20BDE8D1
:10569000104001F00101FEF7BBB8812BF5D10021CC
:1056A000F0E74B78323B18BF01230376704708B50B
:1056B000B1F900000CF0F6FE4FF074510CF046FF0B
:1056C000BDE808400146AC20FEF7B0B80978C42018
:1056D0008B1E59425941FEF79BB80B46B3F53F7FED
:1056E000114615D008DCB3F5987F0DD0B3F5D07F07
:1056F0000CD0B62B10D0704740F2FE3293420DD042
:10570000B3F5906F06D07047FFF788BFFFF798BFDB
:10571000FFF7B2BFFFF7C5BFFFF7C9BFFFF7D6BF9F
:1057200003682DE9F7435B6B05460E469847534CDB
:10573000002800F09C80A920FEF74AF840F2ED23F3
:10574000984240F39180A920FEF742F8800080B291
:1057500007229421237843F0500300278DF802207C
:105760000A44AA3202EB10228DF80130ADF8040091
:105770001344C0B2034403EB232368686A468DF8E0
:1057800006108DF80030AA2108238DF807708DF8D7
:105790000370FFF73DFCBE420CBF04226422DFF819
:1057A000E090DFF8E08099F80010686801F5FC737C
:1057B000134403EB13238DF800304EF22103ADF8B0
:1057C000023041F62173ADF804300F238DF801103B
:1057D0008DF80630A82108238DF807206A46FFF7C8
:1057E00017FC294E98F8003068688DF8003033783F
:1057F0006A468DF801304DF67973ADF80230234BCF
:10580000A92101930823FFF703FC237820480133E3
:10581000237003781F490133037099F800301E4A42
:10582000013389F8003098F800301578013388F892
:10583000003033780135013333700B781570013344
:10584000DBB25C2B0B700CD1BE230370E92388F80C
:1058500000304D230B708023277089F8007037705B
:10586000137003B0BDE8F08340F6B83070E72378DA
:10587000FE22842143F030036FE700BFED300020AB
:10588000EF300020351E0020EE3000201DC7E02143
:10589000361E0020341E0020331E0020037E10B56B
:1058A000044643B1BE20FDF7A9FF01462046BDE8EE
:1058B0001040FFF735BF10BD2DE9F3470746B32071
:1058C000FDF78EFF0446B420FDF78AFF4D490546DB
:1058D00020460CF033FD002104460CF0D5FF0028D3
:1058E0007ED1204648490CF0EDFF00287AD12046B1
:1058F0000DF02EF80646434928460CF01FFD002106
:1059000004460CF0C1FF00286ED120463E490CF041
:10591000D9FF00286AD120460DF01AF805468220EA
:10592000FDF756FF01284FF00004DFF8E08061D159
:105930003C20FDF755FF36490CF0BCFE81468C201B
:10594000FDF74EFF214682460CF09EFF00284FD007
:1059500030490AF100400CF0F9FD49460CF0AAFE6E
:105960002D490CF0F3FDD8F800100CF0E7FC4FF0D7
:105970008F4104460CF09CFF28B120464FF08F4128
:105980000CF0DAFC04462046C8F800400CF0E0FFBA
:105990006023ADF80400214C4FF4E8712278786858
:1059A00013438DF80230C3238DF8033049F2CD63E1
:1059B0006A46ADF8063008238DF800608DF8015076
:1059C000FFF726FB164A217813788B4218D1013352
:1059D000DBB20F2B08BF0023237002B0BDE8F087B5
:1059E000002688E7CF2686E7002598E7CF2596E7AB
:1059F0002046B2E70023C8F80040ADF80430CAE7FB
:105A00001170EAE70000404200004F43E8300020F8
:105A100000007C425304E93700247449F13000202F
:105A2000F0300020037E73B50446A3B148F2612331
:105A30000093C37A63B9032560686A46036840F23D
:105A400032315E680223B047013DF5D10123E37294
:105A50002046FFF731FF02B070BD4069704708B5BE
:105A6000B0F908000CF01EFD08BD08B5B0F90C0037
:105A70000CF018FD08BD0000014B1878704700BFFE
:105A8000833100200000000038B51D48FEF77EFD80
:105A900005461C48FEF77AFD044628460CF034F90A
:105AA00013A3D3E900230CF099F913A3D3E900233E
:105AB0000BF0DEFF0CF0ECFB054620460CF024F961
:105AC0000BA3D3E900230CF089F90BA3D3E900233E
:105AD0000BF0CEFF0CF0DCFB0446014628460CF030
:105AE000F1FE08B1284638BD2046FCE7AFF3008040
:105AF0001213371BE91495BF988F7B2556484C40ED
:105B00009C2E0020982E002038B505460C461A48D9
:105B100007210AF0C9FE0721184A17480AF046FF74
:105B20002A46072114480AF04AFFA2B20721124868
:105B30000AF055FF072110480AF01DFF07210E4803
:105B40000AF0FAFE002207210B480AF0E8FE0022C4
:105B5000072109480AF0D6FE4FF480520721064873
:105B60000AF0C3FE044807210AF00EFFBDE83840E2
:105B700003480BF033BD00BF000002400444004066
:105B80000044004010B50446062119480AF08CFE76
:105B90000621184A16480AF009FF0621164A144839
:105BA0000AF00DFFA2B2062111480AF018FF0621E3
:105BB0000F480AF0D7FE06210D480AF0BDFE00226C
:105BC00006210B480AF0ABFE0022062108480AF025
:105BD00099FE0022062106480AF087FE04480621A5
:105BE0000AF0D2FEBDE8104004480BF0F2BC00BF42
:105BF0000000024004440040F23000200044004015
:105C000038B504463520FDF7E3FD00B20228E081F7
:105C10001FD1344D344B2878002832D141F6583208
:105C2000B4F90C10914201DD01221A7019782F4A43
:105C3000884248D0012313702D4B93F900002D4B5F
:105C400010B91878013018701878042822D108B2D9
:105C5000E081012808D12848FBF74EFE2748FBF7D2
:105C60004BFE2748FBF748FEB4F90E30C3B9224873
:105C7000FBF742FE2148FBF73BFE2148FBF738FECD
:105C80000EE00128D2D1B4F90C20B2F5FA6FCDDACA
:105C90000022CAE7052803D129700021197011706C
:105CA000B4F90E30032B0DD1B220FDF791FD013078
:105CB00011480DD1FBF720FE1048FBF719FE1048E4
:105CC000FBF716FE38BD002300B2E0811370C0E779
:105CD000FBF712FE0948FBF70FFE0948FBF70CFE25
:105CE000F0E700BF803100207F31002082310020AA
:105CF000813100207E310020FC2D00200C2E002060
:105D0000042E0020000000002DE9F74F0646132066
:105D10008846FDF75DFD8E4BC4B21B78012B40F029
:105D2000B4803046FFF76CFF40468A490CF00EFC09
:105D300089490CF0BFFC0CF0E5FD884D884F95F9C2
:105D400000A0388050460CF0ADFB41460CF0FEFB45
:105D50000BF0ECFF7CA3D3E900230CF03FF80CF030
:105D600097FA804981460CF0F1FB7B490CF0A2FCCC
:105D70000CF0C8FDDFF8F0B1DFF8F0819BF80020EF
:105D80003062A8F80000002A00F0D880BAF1000FB5
:105D90002EDD2520FDF724FD019095F900000CF083
:105DA00081FB7349824601980CF0D0FB01465046B6
:105DB0000CF0C2FA0CF0A6FD40B200283DDB6328CF
:105DC000287015DC9BF8003093B92520FDF708FDFD
:105DD000824695F900000CF065FB51460CF0AEFAD6
:105DE0000CF090FD40B26428CABF642328702B7069
:105DF000B6F90E3023BB002148460CF045FDF8B142
:105E0000B8F900000BF080FF00225A4B0BF0E6FFC0
:105E10000CF0F6F9A8F80000B7F900000BF074FFD9
:105E20000022544B0BF0DAFF0CF0EAF93880032C17
:105E300014D8DFE804F00B100E1B00222A70C1E713
:105E4000032C0BD8DFE804F00207050D336A002BA2
:105E500004DA434B00E0454B00221A8003B0BDE852
:105E6000F08F484644490CF02DFD10B900233B80CB
:105E7000F4E748460CF046FD41F217133238584318
:105E8000322390FBF3F03880E8E7022B1ED135492E
:105E900040460CF05BFB30490CF00CFC0CF032FD82
:105EA000324A03B2138013EB83032D4948BF0333F7
:105EB0009B1030620B800CB9A042C9E7012C02D1C3
:105EC00000231380CAE7022CC8D1C2E7032BC5D137
:105ED000244940460CF03AFB1F490CF0EBFB0CF058
:105EE00011FD224A03B2138013EB83031C4D48BFFC
:105EF00003339B1030622B80032CAFD801A353F8DF
:105F000024F000BF155F0008575E0008535E0008CC
:105F1000195F000800289BE7404617490CF0D2FCA7
:105F200008B928809AE740460CF0ECFC41F21713C0
:105F300032385843322390FBF3F0F2E7BAF1630FA3
:105F40003FF756AF41E700BF7B14AE47E17A843F8D
:105F50008D31002000B888450000C8428131002002
:105F60008631002000C05A45823100208431002053
:105F70000000A0400000E03F0000484210B5822031
:105F8000FDF726FC08B902F0E3FE8220FDF720FCB5
:105F9000012841D12148FBF791FC0146C520FDF7BE
:105FA00037FC1F48FBF78AFC0146C620FDF730FC92
:105FB0001C48FBF783FC0146C720FDF729FC194864
:105FC000FBF77CFC04461648FBF778FC84F00103E1
:105FD00080F001046400114844EA8304FBF76EFC7E
:105FE00080F0010044EA00035BB20F4C062B2370E3
:105FF00003D10021CA20FDF70BFC2378052B03D128
:106000000121CA20FDF704FC3620FDF7E1FBBDE8C5
:10601000104080B202F09CBE10BD00BFF42D0020E5
:10602000EC2D0020E42D002088310020034B1B784C
:10603000012B01D1FFF7A2BF704700BF8D310020B7
:1060400000220B4870B5134605468C1E944209DCAD
:10605000294411F8012C285D40EA0220C31A584255
:10606000584170BD10F8016B013233449BB2EDE72B
:10607000F2300020002070B5084C034622468D1EE9
:10608000854205DC53550A441B0A02F8013C70BDE9
:1060900014F8016B01303344F2E700BF692300209C
:1060A000F8B5B94D04462B780E2B3ED8DFE813F037
:1060B0000F0016003B003E007600B800BA00D90081
:1060C000DB000701600186019F01A101CA01642074
:1060D000FFF758FDAD48FBF70FFC1EE0AC4CAB489A
:1060E000FBF706FC23787BB902220721A9480AF0B6
:1060F000F2FB90B107210222A6480AF0E6FB5021EC
:10610000A548FFF701FD08E05021A448FFF7FCFC7B
:10611000A34B5B7823B9012323702B78013303E071
:106120002378013BF8E703232B70F8BD6421FFF7C8
:1061300087FF9B4E9B4F38B9014638706081A08124
:10614000BA20FDF765FB23E00222062191480AF000
:10615000C2FB0028F0D0022206218E480AF0B5FBCF
:1061600001233B70B6F85230053B03EBD3735B1051
:10617000238196F92A000CF095F9606196F9560092
:106180000CF090F9F388A0616381B6F81F30A38109
:10619000002386F8623086F86330BEE7824EAB207B
:1061A000B6F90010FDF734FB6189A2897A4B0A44E5
:1061B000712112B292FBF1F27C491A70B1F9002000
:1061C0000978880083F84B009011524212129A719C
:1061D0001A73B6F9002049425971D9729A76110A98
:1061E00083F82020782283F83F20EC2283F8402097
:1061F0006C2283F841206B2283F84C00D97683F817
:1062000021102046502183F84220FFF733FF684ACF
:106210001388642B8CBF002301331380002383E792
:10622000782055E75A4C5948FBF762FB2378052B39
:106230000ED90222072157480AF04DFB00283FF4EF
:106240006CAF0721022253480AF03FFB642157E755
:106250006421584801FB0300FFF756FC2378013303
:106260005AE7082360E77821FFF7EAFE4C4E4D4FCE
:1062700000283FF461AF0222062146480AF02BFBBA
:1062800000283FF459AF0222062142480AF01DFBC4
:1062900001233B70B6F86430053B03EBD3735B100E
:1062A000238196F914000CF0FDF86061B6F85600F1
:1062B0000CF0F8F8F388A0616381F38C67E73A4E3D
:1062C000AB20B6F90010FDF7A3FA384B206AB3F9FA
:1062D0000020314B11125A71DA72B6F9002099710F
:1062E000197300284FEA12219A77D97736DD9A760A
:1062F00002EBD27252101A77120AD9765A777521A8
:1063000083F84A10122183F84B106021402283F851
:106310004C10252183F84820042283F84D10522187
:1063200083F8492083F84F20892283F84E102249B0
:1063300083F8562083F858200A78204601320A70E4
:10634000D20748BF93F85E204FF0640144BF01328A
:1063500083F85E20FFF78EFE0523E5E6CFD01A779F
:1063600002EBD27252109A76120A5977DA76C6E7A1
:106370008220FDF72DFA01281CBF0022044B4FF0AC
:106380008C0018BF1A70A3E68C310020DC2D002091
:10639000D22300200000024069230020694A01083E
:1063A000F23000208331002084310020863100202B
:1063B0008A310020AD20002089310020384C394836
:1063C000FBF796FA2378062B0ED9022207213648CE
:1063D0000AF081FA00283FF4A0AE072102223248D9
:1063E0000AF073FA69218BE66921304832E70D2300
:1063F0009AE68C21FFF724FE2D4E08B302220621D7
:1064000029480AF068FAD8B10222062126480AF083
:106410005CFA01233370274EB6F875305B10238188
:1064200096F914000CF03EF86061B6F819000CF013
:1064300039F87389A0616381B6F82B30A3816CE6CB
:1064400030706AE61C4EAB20B6F90010FDF7E0F99B
:106450001A4B2046B3F90020194B524211125A71BF
:10646000DA72B6F900209971DA77121283F82020D7
:106470009A7E197383F82520DA7E692183F8262015
:10648000782283F84F20EC2283F85020102283F8E2
:106490005120272283F85220FFF7ECFD0A2343E620
:1064A000D2230020DC2D002000000240371E0020F7
:1064B00083310020F230002084310020863100201A
:1064C0006923002038B5037F04468B420D460AD06D
:1064D00051B16220FDF77CF908B9FCF71FFFFCF70A
:1064E00053FF0123237738BD4FF080400AF0B6FEFA
:1064F0002577F8E708B50121FFF7E4FF0B4B1A7881
:10650000042A04D805221A700022094B1A700023AD
:106510000849094A11F8010B0133642B02F8010BF9
:10652000F8D10222054B1A7008BD00BF8C31002043
:10653000D22300209C490108692300208D310020CE
:1065400008B50121FFF7BEFF064B1A78042A04D9CB
:1065500000221A700122044B1A700122034B1A7098
:1065600008BD00BF8C310020D22300208D310020D7
:10657000012108B5FFF7A6FF0A4B0B491A78092A33
:106580009CBF0A221A700022084B1A706923084A1D
:1065900011F8010B013B02F8010BF9D10322054B65
:1065A0001A7008BD8C310020004A0108D223002057
:1065B000692300208D3100200021FFF783BF018176
:1065C0007047000008B508460CF09CF9A622A0F11F
:1065D0000F035343412293FBF2F3024A58331380D3
:1065E00008BD00BF8E310020BD20FDF707B910B5F2
:1065F000044600226160084640F2531100F0E1FDBC
:1066000060680022BDE8104040F2F31100F0D9BDEF
:1066100040F25313994210B5044610D1B2F801006C
:10662000A0F5B0700BF03EFF4FF076510BF08EFFEF
:106630000146AA20FDF7FAF80123E37203E040F2D5
:10664000F3139942F8D010BD10B50446C07A10B9C2
:106650000348FBF733F900232073E37210BD00BF3A
:106660009C2D002008B50248FBF728F908BD00BFA3
:106670009C2D002007B540F2EE22038940F216312E
:10668000934238BF13460522ADF8002041F6583238
:10669000934228BF13460A229B01B3FBF2F3ADF8E5
:1066A000023000236A46019340680823FEF7B0FCDD
:1066B00003B000BD13B5154A0024137814498DF8B2
:1066C0000030144B01941B888DF80130C523ADF8C0
:1066D00002300B780133DBB2152B0CD80B7063B989
:1066E0001123137008236A4640F229314068FEF7EF
:1066F0008FFC02B010BD0C70F2E7082B01D186238D
:10670000EFE70F2BEED1D923EBE700BF923100204A
:10671000933100208E310020462313B5ADF80430AC
:10672000002340688DF80630036840F23B415C6806
:1067300001AA0323A04702B010BD000007B50C4A10
:1067400040F24551138840680133138000228DF8D0
:1067500001301B0A8DF80230064B8DF800208DF8B1
:10676000032001936A460823FEF752FC03B000BDE4
:10677000903100207E10001807B5C9B1012919D049
:1067800001310CBF072308238DF801304FF6FF734A
:106790008122ADF80230084B8DF8002001936A4643
:1067A000082340F23F414068FEF732FC03B000BDD1
:1067B0000623E9E70523E7E70080FFFF037B10B529
:1067C0000446BBB1FFF756FF2046FFF773FF204694
:1067D000FFF7B4FF2046FFF79FFF0320FDF70EF8F9
:1067E00040B1B220FCF7F4FF41B22046BDE81040B2
:1067F000FFF7C2BF10BD018170477047BD20FCF795
:10680000FDBF000008B5084B186899889B792BB12B
:106810000AF051FAB0FA80F0400908BD0AF04BFACC
:10682000003818BF0120F8E79C2D002030B51F4A22
:106830001F4B89B0CDE901231E491F4B1F4CCDE9E9
:1068400003131F4B1F4D05930023ADF81930237818
:106850004FF4B06163F07F038DF818302B68406807
:1068600020336B4413F81C2C8DF81B2013F8182CC4
:106870008DF81C2013F8142C8DF81D2013F8102C03
:1068800013F80C3C8DF81E208DF81F3006AA082343
:10689000FEF7BEFB2B68013303F003032B60237864
:1068A000013303F00F03237009B030BD0F287F2898
:1068B0001E1000107056F0560C48A7489431002066
:1068C000469028909831002037B540F2EE22038997
:1068D0000025934238BF134641F65832934228BFF1
:1068E0001346044603819A009B09CDE900554FF4F5
:1068F00020718DF803308DF8042008236A46406823
:10690000FEF786FB08236A464FF4227160688DF813
:1069100003508DF80450FEF77BFB03B030BD000040
:1069200008B5034BB3F900000BF0BCFD08BD00BF78
:10693000A831002008B5034BB3F900000BF0B2FDFD
:1069400008BD00BFAA31002008B5024B18880BF023
:10695000A5FD08BDAE31002008B5034BB3F900001A
:106960000BF0A0FD08BD00BFAC310020064B1A782B
:10697000064B0AB91A7001E0012AFBD0044A1268DA
:1069800002B91A7018787047A4310020A531002090
:10699000A031002010B504460022616008464FF483
:1069A000C87100F00EFC00224FF4CD71606800F059
:1069B00008FC00224FF4D271606800F002FC6068AD
:1069C0000022BDE810404FF4D77100F0FABB000080
:1069D0002DE9F3410646084635490BF0B7FD0BF0AB
:1069E00091FF344B01B2AB201980FCF711FF8220DC
:1069F000FCF7EEFE0546BF20FCF700FF00284DD057
:106A00006B1E5C425C41E400C020FCF7F7FE28B13D
:106A100004F11003DBB2012D08BF1C46BE20FCF7B9
:106A2000EDFE012D04EB80043AD1234A138813B103
:106A3000013B13800234AD20FCF7CAFEC0F30B0506
:106A4000AE20FCF7C5FE8046E720FCF7C1FE00F053
:106A50000307BA20FCF7BCFE184B45EA046503EABD
:106A600008331D43C0F30D0040EA873045EA8775BF
:106A70000190009509F0F6FE0221684609F000FF3A
:106A8000019B6A4643EA00637068019303683F21F3
:106A90005C680823A04702B0BDE8F0810446B3E774
:106AA000002DC8D14FF49672034B1A80C3E700BF84
:106AB00000002041A63100209C31002000F0FF00A2
:106AC000B1F5D27F06D113880A22B3FBF2F30E4A46
:106AD00013807047B1F5C87F03D112880B4B1A8021
:106AE0007047B1F5CD7F08D113880A22B3FBF2F3CA
:106AF000074A13800022074BF1E7B1F5D77F02BFA9
:106B00001278054B1A707047AE310020AC3100206E
:106B1000AA310020A8310020A431002008B582202D
:106B2000FCF756FE074B186058B9074B1880074B07
:106B30001880074B1880074B1880074B1870074BBD
:106B4000188008BDA0310020AE310020AC310020FB
:106B5000AA310020A8310020A4310020A631002055
:106B600001480AF011BB00BF0038004010B50446D0
:106B70000A48FAF7C1FE032109480AF00AFB214638
:106B800007480AF006FB002105480AF002FB04460C
:106B90000248FAF7ADFEE0B210BD00BFC42D0020E0
:106BA0000038004070B506460A4855181446FAF7F2
:106BB000A3FE314608480AF0ECFAA54203D1054885
:106BC000FAF796FE70BD002103480AF0E2FA04F8D5
:106BD000010BF2E7C42D00200038004038B505460F
:106BE0000C460948FAF788FE022108480AF0D1FA53
:106BF000294606480AF0CDFA214604480AF0C9FAA7
:106C00000148FAF775FE38BDC42D00200038004059
:106C100010B580210F20FFF7E1FF0B240E20FFF7B6
:106C2000A5FF00F0E000802803D080210F20FFF7AF
:106C3000D5FF013C14F0FF04F0D110BD10B50021C8
:106C40000F20FFF7CBFF0B240E20FFF78FFF1F282D
:106C500003D900210F20FFF7C1FF013C14F0FF040E
:106C6000F2D110BDF8B507460D481546CC1BFAF712
:106C700043FE02210B480AF08CFA394609480AF013
:106C800088FAE4B26E1E254416F8011F05480AF082
:106C900080FAAE42F8D10248FAF72AFEF8BD00BFEA
:106CA000C42D002000380040F8B5074611480D46B5
:106CB00016461C46FAF720FE39460F480AF069FAD4
:106CC0002F1D15F8011B0C480AF063FAAF42F8D1EA
:106CD000314609480AF05DFA04F1080514F8011B71
:106CE00005480AF056FAA542F8D10248FAF700FE24
:106CF000F8BD00BFC42D00200038004010B5044688
:106D00000548FAF7F9FD214604480AF042FA02481C
:106D1000FAF7EEFD10BD00BFC42D00200038004082
:106D200010B50848FAF7E8FDA02107480AF031FA43
:106D3000002105480AF02DFA04460248FAF7D8FD6A
:106D4000E0B210BDC42D00200038004010B5084846
:106D5000FAF7D2FDB02107480AF01BFA00210548D6
:106D60000AF017FA04460248FAF7C2FDE0B210BD75
:106D7000C42D00200038004070B506460D4614466C
:106D80000B48FAF7B9FD05210A480AF002FA314624
:106D900008480AF0FEF9294606480AF0FAF92146A1
:106DA00004480AF0F6F90248FAF7A2FD70BD00BFE8
:106DB000C42D002000380040002243212C2008B5BB
:106DC000FFF7DAFFBDE8084043222B201146FFF70A
:106DD000D3BF002243212C20FFF7CEBF10B54FF0C8
:106DE000FF33002488B048F28802CDE906434CF214
:106DF000CC03CDE90244CDE90023CDE90444FFF7FB
:106E0000AFFEFFF705FF2321202006AAFFF72AFF88
:106E10002721242007AAFFF725FF6A4603212046E1
:106E2000FFF720FF0721042001AAFFF71BFF0B211A
:106E3000082002AAFFF716FF1321102003AAFFF76C
:106E400011FF1721142004AAFFF70CFF1B211820A3
:106E500005AAFFF707FF1220FCF7BAFC01280BD1A7
:106E600040212A20FFF7BAFEE5212920FFF7B6FED0
:106E700083212820FFF7B2FE1220FCF7A9FC02288C
:106E80000BD103212A20FFF7A9FEFA212920FFF7C1
:106E9000A5FE87212820FFF7A1FE1220FCF798FC11
:106EA00058B94E212A20FFF799FEE5212920FFF746
:106EB00095FE83212820FFF791FEFFF7BFFE08B063
:106EC00010BD10B55C0904EBC20403F0030303EB2F
:106ED000840300EB032001EB002010BD30B585B02A
:106EE0000446FFF733FF3F28054628D943066A4684
:106EF0004CBF902094200D2105F01805FFF752FE9D
:106F0000102D9DF800209DF8013012D102219DF82E
:106F1000020021709DF80310FFF7D3FF606001208D
:106F2000019A9DF80C30A260029A2374E26005B0C9
:106F300030BD01215B09217003EBC200EEE70020A8
:106F4000F5E702290ED1030A9370030CDB0023F04E
:106F50001F01D070C0F30140084308301B0A507075
:106F600013707047002340019370D370030AF6E753
:106F700038B500251F4B04461D705D709D70DD7097
:106F8000FFF7CEFE1C4B9A78187082B9194A217807
:106F90006068FFF7D6FF4020227A164904F1090302
:106FA000FFF782FE8120FFF7A9FE012038BD1A7984
:106FB0006AB9104A21786068FFF7C3FF4220227A3D
:106FC0000C4904F10903FFF76FFE8220EBE79B7980
:106FD0006BB9084A21786068FFF7B3FF4420227A32
:106FE000044904F10903FFF75FFE8420DBE728462C
:106FF000DCE700BFB0310020B431002008B5B0F9A3
:1070000014000BF04FFA08BD08B5B0F912000BF0F0
:1070100049FA08BD08B5008B0BF040FA08BD08B569
:10702000B0F910000BF03EFA08BD807D704740F2C9
:10703000992399420FD040F23373994213D040F212
:107040008923994218D15388A3F59C43203B03829E
:1070500053680383704753781279934238BF1346BD
:10706000283B438270471268C2F30743D2B293426F
:1070700038BF1346283B838270470000302337B562
:1070800004464068009303686A465D6840F27131C7
:107090000823A84760680D4A0D4B40F28521CDE9D1
:1070A000002303686A465D680823A8474FF07451BF
:1070B0004FF404136068CDE9001303686A465C6806
:1070C00040F286210823A04703B030BD00001039EC
:1070D0008FFE0C1010B5044600226160084640F295
:1070E000892100F06EF8002240F29921606800F0DA
:1070F00068F860680022BDE8104040F2337100F08B
:1071000060B8000010B50446084609490BF01EFAA5
:1071100008490BF0CFFA08490BF010F90BF018FCF6
:10712000E0610146BDE81040AB20FCF771BB00BF39
:107130000000FA440000C84200401C4613B5037A20
:107140000133DBB2052B02D0037202B010BD002266
:10715000C369027240681B04CDE9003203686A46C5
:107160005C6840F287210823A047EEE7014B0360EB
:10717000704700BFA04B010870477047074B036082
:107180000023C0F8F430C0F8FC30054BC0E94033B0
:10719000C0E94233C0F81031704700BFD84B010836
:1071A000D4230020D0F8FC30042BDFBF03F14002D1
:1071B000013340F82210C0F8FC30D4BF0120002079
:1071C0007047D0F8F43070B51D2B15DC054600244F
:1071D000A3420BDC00EB83046160E2670133C0F87B
:1071E000F43003689B689847012070BD55F8046F20
:1071F0008E4201D00134EBE70020F6E770B505467A
:10720000002455F8FC3BC0F8F4409B6806469847BC
:10721000D6F8FC30A34200DC70BD55F8040F0134F1
:1072200003685B689847F3E72DE9F04705460F468A
:1072300090469946002400F1FC06D5F8FC00A042D7
:1072400001DCBDE8F08756F8040F42460368394672
:10725000D3F800A04B46D0470134EEE7F8B5064618
:1072600000F1300700F1340414F8023C322B10D046
:1072700034F8043CE51BC3F3C02123F4006300226F
:10728000706803EB4171FFF79CFF242D04F10404A7
:10729000EADDF8BD2DE9F04F064685B000F108089B
:1072A00000F10C0515F8024C2F46322C1BD04FF084
:1072B0000C0A00234FF0FF3B0AFB0464CDE90233C4
:1072C0005834637AFF2B11D1706835F8041C0368B9
:1072D000A7EB08075C6808230DEB0302A047242FE7
:1072E00005F10405DEDD05B0BDE8F08F304B1B78FD
:1072F000002BF8D12079FCF773FA21680BF026F9FE
:10730000019094F906000BF0CDF801990BF016F8F6
:107310000BF0F8FA94F9089089EAE973A3EBE973A2
:10732000DBB20BFA03F3B9F1000F20EA0300E379B3
:1073300020DA1F2B00BA0BD8029AC3F11F0320FAE0
:1073400003F31A430292647A0AFB04645834B8E7E0
:10735000039AC3F13F0120FA01F1114309EB030243
:107360001E2ADFBF029A1F3B98400243D8BF0292F9
:107370000391E8E71F2B06D9039A203B00FA03F399
:107380001A430392DFE709EB0302202A00FA03FC09
:10739000C8BFC3F120030299C4BFD840039B4CEA85
:1073A0000101C8BF03430291C8BF0393CBE700BFED
:1073B000BC310020F0B591B102F10C040A2A00EBB7
:1073C00084040AD8A578322D07D00C27002107FBAA
:1073D000050558356E7AFF2E03D1002007E0941C76
:1073E000ECE70BBB21B14E72FF2301206B72F0BDA5
:1073F000322E15D1C2F10A02A61E8A4204D04B1CBD
:1074000016F8230032280DD10139C9B204EB8103EB
:107410009A78A27034F82120228032229A70E3E711
:10742000A670E1E71946E8E707FB0606013B294697
:10743000DBB206F15805CDE72DE9F0414FF0020C23
:1074400088464FF00C0E002100F108073D4600224F
:107450000CE000230EFB04045834667AFF2E0FD193
:107460000435EB1B0132242BD2B202DCAC78322C77
:10747000EFD101218C4500F130070FD08C46E5E7B4
:10748000A488444505D00EFB0606013306F15804D6
:10749000E3E7DBB2BDE8F041FFF78CBF0020BDE8B9
:1074A000F0812DE9F04100244FF00C0EDDF824C0EE
:1074B00000F108078CF800403D4609E00EFB04048B
:1074C0005834667AFF2E11D10435EC1B242C02DCD3
:1074D000AC78322CF2D101259CF8004000F1300745
:1074E0008CF80050002CE7D0002019E0B4F804809C
:1074F000884517D12988C1F3C02021F4006141EAF1
:10750000407101201160E2791A7094F90820069BFD
:107510001A702268079B1A6094F90620089B1A705B
:10752000BDE8F0810EFB060606F15804C9E730B548
:10753000044691B102F10C010A2A04EB81010AD838
:107540008A78322A07D00C2505FB024202F1580046
:10755000427AFF2A03D100200BE0911CECE74BB9E3
:107560000B88C3F3C02223F4006343EA4273039AF7
:10757000136030BD013BDBB2E6E72DE9F04F064674
:107580004FF002094FF000084FF00C0A87B0059148
:1075900000F108073D1D15F8024CAB46322C1AD1FC
:1075A00026E035F8040C94F90830E27920F4006CF8
:1075B000C0F3C0212079CDF8088094F906E04CEAA8
:1075C0004171CDF804E0D4F800E0DDF814C0CDF846
:1075D00000E0E047647A0AFB046494F861305834B0
:1075E000FF2BDED1ABEB0703242B05F10405D2DD25
:1075F0004FF00108C14506F1300701D0C146C9E787
:1076000007B0BDE8F08F322201F128038A700431FF
:107610009942FBD1FF2200F5197380F861200C30EC
:107620009842FAD1704710B5044600F10801FFF7FF
:10763000EAFF204604F13001FFF7E5FF6068BDE88E
:107640001040FFF7DBBD2DE9F041002488461F46BE
:107650002646151FBC4202DB3046BDE8F08155F8D6
:10766000040F09F007F92968064608EB840009F0C1
:10767000D7FA0134EEE708468378322B08D0038826
:10768000534033F4006304D00430431A242BF3DD59
:10769000002070472DE9F843414B06461B781546FC
:1076A00073B90A4600F13001FFF7E5FF40B10C2342
:1076B0000127847803FB04645834637AFF2B01D1DB
:1076C000BDE8F88394F908C0E3798CEAEC71A1EB8A
:1076D000EC71BCF1000FC9B243DA1F2B2DD82A6818
:1076E00012BAC3F11F03DBB207FA01F0DA40013826
:1076F00010400AF0D3FE814694F906000AF0D2FE4B
:1077000049460AF01BFE21680AF020FF81462079D5
:10771000FCF7F6F8002838D14FF0844148460AF0CB
:1077200015FF0BF0EFF801462079FCF733F80C2336
:10773000647A03FB04645834BFE79C44BCF11F0F18
:107740006A6801DD203BCBE7013328685B1ADBB2B6
:10775000D840C3F1200302FA03F340EA03024B1EB0
:10776000BEE71F2B02D96A68203BBCE79C44BCF1F2
:10777000200F2A68B8DD6868C3F1200CDA4000FAEF
:107780000CFC00234CEA0202AEE72079FCF7B8F8C3
:107790000128C1D049462079FCF748F8C7E700BF67
:1077A000BC310020F8B59DF91C40164605461A4626
:1077B0009DF81870002C5DD084EAE470A0EBE470B2
:1077C000C0B2202856D8002C05DD3B19402B07DD20
:1077D0006FF0010018E03F2FFAD83B190133F7DBB7
:1077E0002846FFF748FF002849D18C4601F12803BD
:1077F0009CF802E06046BEF1320F3ED00CF1040C62
:107800009C45F5D16FF00300F8BD0CF1010CBCF103
:10781000320F3AD16FF00400F6E75A4302F1580EE6
:107820002A4492F86120AE44322AF6D103FB0C536D
:10783000089DA3F85C609D659DF9245083F85F70F6
:1078400083F85E5083F8604083F86120BEF1000F3A
:107850000DD180F802C00B4600209A78322AD3D08E
:1078600004335A1A242A00F10100F6DDCCE78EF821
:1078700009C0F0E76FF00200C6E7ACF800204FF057
:10788000000C4FF00C0E05F161020EFB0CF3D35C03
:10789000FF2BBAD14FF0000E0C238278C4E730B52D
:1078A000B2F5006F85B010D29DF928500395099D5F
:1078B00002959DF92050CDE9003513460A4600F1A6
:1078C0000801FFF76FFF05B030BD4FF0FF30FAE75A
:1078D000F0B5154622F00052B2F5006F064685B0AD
:1078E0001AD29DF93070C5F3407403970B9F02972D
:1078F0009DF92870CDE9003742EAC4230A4600F119
:107900003001FFF74FFF0022044629467068FFF759
:1079100058FC204605B0F0BD4FF0FF34F9E72DE9E3
:10792000F04F0E4600278DB0CDE90923089001F1F4
:1079300032054FF6FF7335F8322CA8469A423DD0F7
:10794000A5F1300AA5F12A0414F9013CA146002B47
:107950002DDD34F8060CFBF78DFF089B0B901B68A0
:1079600034F9040C059335F8323C14F901BC069344
:1079700014F8023C07930AF095FD0A9A034622B1D7
:107980004FF074510AF0E2FD03460293079B0B9AF5
:1079900000930999069B05980397CDF804B0FFF76B
:1079A00001FFA9EB0A032A2B04F10604CCDDA8EBA6
:1079B0000603B3F5E17F05F13205BADD0DB0BDE890
:1079C000F08F08B508F06AFF00F5FF3000F5FE7093
:1079D000800208BD73B505460190FFF7F2FF04462B
:1079E000D0F8E86308F03EFFFA21204608F048FF8F
:1079F000864211D10023214605F1080201A8FFF7B4
:107A00008EFF01A8012305F1300204F5FA71FFF79A
:107A100086FF012002B070BD0020FBE72DE9F04198
:107A2000074688460D460C26AC78322C06D111E06C
:107A30002079FBF72FFF038BA380647A06FB047485
:107A400094F861305834FF2BF2D10435A5EB0803CC
:107A5000242BE9DDBDE8F0812DE9F0410746884699
:107A60000D460C26AC78322C05D110E0A088FBF72F
:107A700001FFA080647A06FB047494F861305834E6
:107A8000FF2BF3D10435A5EB0803242BEADDBDE879
:107A9000F08100002DE9F3410446FFF792FF012237
:107AA000054603464FF0FF36274F3A7000F5006257
:107AB00053F8041B934206EA0106F9D108F0D2FEFE
:107AC00009F094F8022009F087F8013602D0284620
:107AD00009F048F8204604F10801FFF79FFF20460F
:107AE00004F13001FFF79AFF294604F108020A2346
:107AF0002046FFF7A8FD04F1300205F128010A2312
:107B00002046FFF7A0FD04F1580205F1500196232D
:107B10002046FFF798FD012301AA05F52D7101907C
:107B20002046FFF790FD09F06DF8204604F10801AA
:107B3000FFF792FF204604F13001FFF78DFF00238D
:107B40003B7002B0BDE8F081BC310020F8B50446BE
:107B5000FFF737FF0546D0F8B46208F083FEAA218C
:107B6000284608F08DFE864204D02046BDE8F84045
:107B7000FFF730BF04F10807294638460A22FCF710
:107B8000ADFA05F1280104F130000A22FCF7A6FA4B
:107B9000962205F1500104F15800FCF79FFA39468E
:107BA0002046FFF759FF204604F13001FFF754FF4C
:107BB0000120F8BD38B5044615460D4B0846C4E90A
:107BC00000312146FFF7EEFA204604F10801FFF7E5
:107BD0001AFD204604F13001FFF715FD15B12046CE
:107BE000FFF7B4FF2046FFF739FB204638BD00BF42
:107BF000FC4B01082DE9F04FADF6040D08F04EFEE8
:107C000040F2FF1605464FF0FF3A6FF00302840280
:107C100002FB064303F1006353F8043C013E0AEA09
:107C2000030AF5D208F01EFE31464FF40072684692
:107C3000FCF75FFAE8466E460027F8B2FBF760FEF5
:107C400070B9F8B2FBF726FE8346F8B2FBF752FE96
:107C5000F070BBF81830F8B23380FBF7B3FD7060FA
:107C60000137F02F06F10806E7D14FF4FF7168469F
:107C700008F006FECDF8F80708F0B8FFBAF1FF3FAC
:107C800006D005F5FF3000F5FF70800208F06AFFAE
:107C9000002504F1FF6404F5FF24601958F8041B63
:107CA000043508F0BDFFB5F5006FF6D108F0AAFF66
:107CB000DDF8F8070DF6040DBDE8F08F70B508F09B
:107CC000EDFD00F5FF3404F5FF74A40208F0CAFDD1
:107CD0004FF4FF71204608F0D3FDD4F8F837834203
:107CE00017D104F5FF662088FBF7C4FDF12805468F
:107CF0000AD0FBF705FE38B928466168FBF790FD0E
:107D00002846E178FBF7E0FD0834B442EBD10020CF
:107D100070BD4FF0FF30FBE7014B1860704700BFAC
:107D2000D831002030B50B4C235C93B90A4B1D6849
:107D30007DB10A4B0A490B4A18700B6802F83300F0
:107D400002EBC30255600122134403F01F032254C7
:107D50000B6030BDBD310020D8310020D131002072
:107D6000D4310020D823002000231946034A0133D0
:107D7000142B02F8011BFAD1704700BFBD3100205F
:107D8000014B1878704700BFD131002010B4074B69
:107D900003EBC1021479064A53F8313052F824201B
:107DA000014610BC0348FCF765BB00BF104C01083E
:107DB000044C01082840010838B5094C636853B1E8
:107DC0000025606830B114F8081B0135FFF7DEFFAD
:107DD000202DF6D138BD0348BDE83840FCF74ABB3A
:107DE000D82300203840010830B50C24002361431B
:107DF0000B4A8BB054185258A568CDE90332CDE92F
:107E00000733CDE901336468069505940093012298
:107E10001946D0F8580208F043FB0BB030BD00BF44
:107E2000C44C0108F7B515461F460E46044601210D
:107E3000D0F8580208F043FCCDE90075B6F5006FA4
:107E400034BF0022012200233146D4F8580208F042
:107E50003BFC002818DAD4F85432132B07DD01213B
:107E6000D4F8580203B0BDE8F04008F024BC04EB9D
:107E70000312C2E9456729680133C2F81C11696819
:107E8000C2F82011C4F85432D4F85432002BE6DC86
:107E900003B0F0BDF0B5044600278BB0CDB20DF1B4
:107EA0001A0303930DF11B0302930DF119030193C0
:107EB00008AE06AB00930597049601222946D4F834
:107EC000580207AB08F077FC08B90BB0F0BD32469A
:107ED00020469DF81A300799FFF7A6F909F0D2F865
:107EE000C4F8F800DBE773B5044640F2FF7600F50E
:107EF0008A75D4F85432002B1CDD03F18053013B0A
:107F00001A0105EB0313A95803F1080201921B792A
:107F1000B142009394BF002201220023D4F85802FA
:107F200008F0D2FB002805DBD4F85432013BC4F83A
:107F30005432DEE7D4F854323BB90121D4F8580268
:107F400002B0BDE8704008F0BABB02B070BDF0B539
:107F50001C460127106885B09B8815460E4662882E
:107F60002188029707400197E7885B017F01BFB234
:107F7000520149019BB292B289B2009708F07EFB90
:107F8000002333602A6801322A60E380A380638083
:107F9000238005B0F0BDF0B51C460125106885B002
:107FA0009B8816460F4662882188029505400195F8
:107FB000E5885B016D01ADB2520149019BB292B2FD
:107FC00089B2009508F04AFB00233B603268013219
:107FD0003260A380238040F2FF73E380638005B0AA
:107FE000F0BD73B5106815460E465A6819681C46F0
:107FF0000123D200C900009342F00402034041F083
:10800000040108F04BFB002333602A6801322A6028
:10801000C4E9003302B070BD70B5044600230025EA
:1080200026463E498AB00868496806AA03C2D4F8C1
:1080300058223B49CDE908338A42CDE90433CDE9E2
:10804000003302931EBF374BD3F8003AC3F3052326
:108050000393C2F81C52D4F8F430009AAB421BDCF4
:10806000002A05DD6946204604AB03AAFFF76FFF2F
:10807000019B002B05DD204606AB03AA02A9FFF7F2
:108080008AFF029B002B05DD204608AB03AA02A94C
:10809000FFF7A7FF0AB070BD56F8043FB3F5006FB5
:1080A00026D3029A0AA901EB820123F06043013230
:1080B00041F8083C0292009B042B05D169462046FA
:1080C00004AB03AAFFF743FF019B022B05D1204617
:1080D00006AB03AA01A9FFF75EFF029B022B05D1A5
:1080E000204608AB03AA02A9FFF77BFF0135B2E7E0
:1080F000B16F51B1019A0AA800EB420020F8103C80
:10810000931C019320F80E1CD5E70AA901EB42014C
:10811000013221F8183C0092CDE700BF004D010864
:108120000064004000600040F8B504460E461D465D
:108130001746FFF723F800214A4BC4E99516236040
:10814000494B9E421AD003F580639E4253D0D4F827
:10815000580208F099F939462046FFF745FE2046B7
:10816000FFF75AFFD4F85802022108F0A4FAD4F815
:108170005802102108F09FFA2046F8BD4DB34FF485
:1081800080730222394808F057FD4FF48071374858
:1081900008F08CFD4FF4007302220321334808F0ED
:1081A0004BFD142009F09EFAF021142009F0A8FAE2
:1081B000152009F097FAF021152009F0A1FA1320F3
:1081C00009F090FAF021132009F09AFA284B1C606C
:1081D000BDE74FF4006302222946264808F02CFD33
:1081E0004FF40061234808F061FD4FF480530222F0
:1081F00003212048D3E735B3202302221B4808F08F
:108200001BFD2021194808F051FD402302220321C3
:10821000164808F011FD402009F064FAF0214020D2
:1082200009F06EFA412009F05DFAF021412009F0D1
:1082300067FA3F2009F056FAF0213F2009F060FA72
:108240000B4B5C6083E74FF48053022229460748BA
:1082500008F0F2FC4FF48051044808F027FD4FF479
:108260000053D3E7B84C010800640040000C014003
:10827000DC31002000080140024B00211868FFF7A4
:1082800009BE00BFDC310020024B01211868FFF756
:1082900001BE00BFDC310020014B1868FFF723BE90
:1082A000DC310020024B00215868FFF7F3BD00BF0E
:1082B000DC310020024B01215868FFF7EBBD00BF05
:1082C000DC310020014B5868FFF70DBEDC31002087
:1082D00008B5B0F910000AF0E5F808BD08B5B0F926
:1082E0000E000AF0DFF808BD08B5808A0AF0D6F85B
:1082F00008BD08B5B0F90C000AF0D4F808BD807CC0
:10830000704738B50C460546084605F061FC00226A
:108310004FF4ED7120466C60FEF753FF6868002251
:10832000BDE8384040F25A51FEF74BBF10B5044645
:1083300008460D490AF00AF90C490AF0BBF90AF09F
:10834000E1FAE0822420FBF743FA012808BFE38A20
:108350004FF0AB0004BF5B42E382B4F91610BDE8F6
:108360001040FBF755BA00BF00E0FF440000C842D0
:10837000B0F9160005F056BC05F074BD00B2203807
:1083800000EB800010F5916F07DBB0F5906F07DA16
:10839000092390FBF3F040B270476FF07F00704705
:1083A0007F207047B1F5ED7F38B50546144631D1D1
:1083B000537810789B0943EA800009F0A5FC00225D
:1083C0001B4B09F00BFD09F043FFA8820720FBF7C8
:1083D000FFF948B9A88AB0F5D27F05D20AF05EF855
:1083E00001468820FBF722FA637922795B0843EA89
:1083F000C213A3F5FF427F3A12B2B3F5804FA8BF74
:108400001346AB81A37913F0B00F14BF01230023EF
:10841000AB7438BD40F25A539942FAD19078FFF7C5
:10842000ADFFE8815078FFF7A9FF2882F1E700BF90
:108430000000E03F10B504468220FBF7C9F901288F
:1084400004D12046BDE81040FFF76CBC10BD000011
:1084500070B50646B820FBF7BBF92D4D04462B78C6
:10846000002818BF43F001032B7008F00BFED6F86C
:10847000F830984209D02B783BB10021B820FBF7A7
:10848000C7F91120FFF74EFC002404F00101BC20C5
:10849000FBF7BEF91F48F9F711FAC4F3400340EAAD
:1084A0000301C9B2BD20FBF7B3F9BE20FBF790F979
:1084B00050B91948F9F702FAC4F3800340EA0301FE
:1084C000C9B2BE20FBF7A4F91448F9F7F7F9C4F3D1
:1084D000C00340EA0301C9B2BF20FBF799F9104875
:1084E000F9F7ECF9C4F3001340EA0301C9B2C02064
:1084F000FBF78EF9C4F34011C220FBF789F9094854
:10850000F9F7DCF9BDE870400146C320FBF780B9FC
:10851000E9310020842E00207C2E0020742E0020C3
:108520006C2E0020942D00202DE9F743BE20FBF790
:1085300065F906462220FBF74BF90446B220FBF70B
:1085400047F907464048FCF721F800903F48FCF700
:108550001DF800990190AD20FBF75AF9AE20019962
:10856000FBF756F900216846FCF79AF80121054609
:1085700001A8FCF795F864B9002D3CD10C20FFF759
:1085800059FF2946B120FBF743F9002003B0BDE8AD
:10859000F083012C52D1002D47D0002841D000217A
:1085A0000098FCF7A5F8214680460198FCF7A0F852
:1085B0004146814609F0C0FE002105460AF064F9F3
:1085C00008B105F10045284621490AF07BF990B130
:1085D0000F20FFF72FFF494640460AF055F91D4985
:1085E00058B140460AF06EF928B11B4B1B6803EBEB
:1085F000D3735B100093002409E048460AF062F947
:1086000028B1154B5B6803EBD3735B10019337F014
:108610000203BAD032469CB921460098FCF778FA9A
:10862000B4E70D20FFF706FFE5E718B10C20FFF7D0
:1086300001FFECE70E20FFF7FDFEA6E71020FAE7AA
:1086400001210198EAE700BFB02E0020AC2E0020E7
:108650000000204100004842AC300020F7B506463B
:10866000B2200D46FBF7B4F807462320FBF7B0F81D
:10867000336810F0020F5B6A30460DF106010CBF43
:1086800001244FF0FF34984788B19DF80630032B42
:1086900017D8DFE803F00A022D264FF0FF342146F9
:1086A000B220FBF7B5F803B0F0BD0224F7E72B6862
:1086B00028465B690DF10701984720B19DF8073006
:1086C000E5E77CB2EBE72320FBF782F8042811D121
:1086D000BF20FBF793F830B9C020FBF78FF80028D4
:1086E000DBD10124DBE7C020FBF788F80028F3D0BA
:1086F0000024D4E72320FBF76BF810F0010F4FF0B4
:10870000BF0015D1FBF77AF860B9BF20FBF776F808
:108710000028C4D1C020FBF771F80028D1D06442F2
:1087200064B2BCE7C020FBF769F80028E0D1ECE7B1
:10873000FBF764F80546C020FBF760F88542D7D008
:10874000BF20FBF75BF80028A9D1C020FBF756F843
:108750000028CDD0E3E70000F8B505468820FBF7F8
:108760003FF804460720FBF733F878BB8220FBF77D
:108770002FF8002800F0F4807D48FBF707FF09F090
:108780008DFE7C4909F096FF0146B720FBF74EF8B5
:108790002A20FBF725F8014620460AF093F898B105
:1087A0003135622D09D8744B9988186808F080FA21
:1087B000724B9988186808F07BFA82200021FBF739
:1087C00027F80920FFF7AEFA2046F8BD0720FAF790
:1087D000FFFF01284DD16A4B186809F063FE694913
:1087E00009F068FF01468820FBF720F8664B1868FF
:1087F00009F058FE634909F05DFF01468920FBF747
:1088000015F8624B186809F04DFE5E4909F052FFF9
:1088100001468A20FBF70AF85D4B186809F042FE12
:10882000584909F047FF01469020FAF7FFFF594BDE
:10883000186809F037FE534909F03CFF01468C20C7
:10884000FAF7F4FF544B186809F02CFE4D4909F073
:1088500031FF01469220FAF7E9FF504B186809F002
:1088600021FE4F4909F026FF01469320FAF7DEFF6B
:1088700082E70720FAF7ACFF022839D1494B186884
:1088800009F010FE3F4909F015FF01460646882011
:10889000FAF7CCFF444B186809F004FE394909F097
:1088A00009FF074601468920FAF7C0FF38463F49CD
:1088B00009F042FD01462B20FAF7B8FF00218A207B
:1088C000FAF7B4FF3A4B186809F0ECFD2D4909F0AE
:1088D000F1FE074601469020FAF7A8FF39463046D8
:1088E00009F034FE274909F0E5FE01468C20BDE77A
:1088F0000720FAF76DFF03287FF43EAF2D4B4FF0B2
:108900007C51186809F022FE01468820FAF78EFF94
:10891000294B4FF07651186809F018FE06460146BB
:108920008920FAF783FF2149304609F005FD014609
:108930002B20FAF77BFF00218A20FAF777FF1F4BE5
:10894000B3F9000009F0AEFD09F0F0F906A3D3E990
:10895000002309F043FA09F09BFC0146902085E7CB
:10896000002409E7AFF300809A9999999999B93F42
:10897000A82E002000005243642E00201C2E002050
:10898000C830002000007A44C4300020C0300020ED
:10899000D8300020D0300020CC300020D43000204F
:1089A00000006145E4320020E83200200000A041D0
:1089B000EC3200200C33002008330020103300205C
:1089C00013B504462620FAF703FFA0424FF0250016
:1089D00061DDFAF705FF374B1860FFF7A5FD019041
:1089E0008820FAF7FDFE014601A8FBF739FF902029
:1089F000FAF7F6FE002109F047FF002851D0902039
:108A0000FAF7EEFE00F1004101A8FBF799FF84EAB6
:108A1000E471A1EBE47101A8FCF72CF8B320FAF79C
:108A2000D1FE09F03FFD04462C20FAF7CBFE09F0F9
:108A300039FD01AA01462046FBF7CCFE10B11220F9
:108A4000FFF770F9B420FAF7BDFE09F02BFD0446DC
:108A50002D20FAF7B7FE09F025FD01AA01462046B0
:108A6000FBF7B8FE10B11320FFF75CF90198FBF794
:108A700061FE1149044609F007FFC8B920460F49B5
:108A800009F020FF90B10D49B1200191FAF7CEFE17
:108A9000019802B010BDFAF7FDFE006909F002FD71
:108AA00099E79020FAF79CFE0146ADE72146EBE7F7
:108AB0000149E9E7843000200000C8C20000C84234
:108AC00038B50948FBF762FD05460848FBF75EFD2F
:108AD00004462946AD20FAF79BFE2146BDE8384002
:108AE000AE20FAF795BE00BFB02E0020AC2E0020BD
:108AF00070B5BA20FAF76CFE0446BB20FAF768FEA0
:108B00003F4B0546197800F00C0211B102B91A70FA
:108B100070BD0AB101221A70EE0721D58220FAF742
:108B200057FE01281CD1002C36DCA920FAF750FE94
:108B30000446680724D5B4F5FA7F21DD314B1C606B
:108B4000304D2B68A3424CDD3820FAF741FE2968EE
:108B5000204488421BDC3820FAF73AFE011916E05F
:108B60000022284B39201A60FAF732FE2C072DD448
:108B7000411E15F0040F21EAE17108BF014629E00A
:108B8000290703D51F4B1B68002B27DC0021BDE8FC
:108B90007040BA20FAF73CBEAA07F7D4BE20FAF715
:108BA0002DFE0028F2D115F0080F164E06D0372002
:108BB000FAF70EFE336803443360C1E76B07BFD595
:108BC0003720FAF705FE33681B1AF5E7411C032925
:108BD000A8BF03213920FAF71BFED7E7002CAFDC32
:108BE000D4E70BDA3820FAF7F3FD2968201A884217
:108BF000CDDB3820FAF7ECFD211AC8E72146C6E79D
:108C0000E8310020E4310020042010B5FAF7E0FD3F
:108C1000012839D1CC20FAF7DBFD09F075F822A341
:108C2000D3E9002309F0DAF809F032FB09F090FEED
:108C300081B28020FAF7ECFD8020FAF7C9FD00EB45
:108C400040104400103CA4B26920FAF7C1FD14287A
:108C500004D122460021164808F058FC6A20FAF791
:108C6000B7FD142804D122460221114808F04EFC19
:108C70006B20FAF7ADFD142812D12246BDE8104052
:108C800004210B4808F042BC0420FAF7A1FD032898
:108C9000C0D00420FAF79CFD0428BBD00024D3E701
:108CA00010BD00BFAFF3008026E4839ECDAAFA3F3B
:108CB00000040040622008B5FAF78AFD012807D1B8
:108CC000FAF72CFB034808F0C9FA0022024B1A708D
:108CD00008BD00BF002C0140EA310020F8B5044671
:108CE0006220FAF775FD0128064629D17920FAF7A6
:108CF0006FFD144D04B309F0D5FB2B7807461BB963
:108D0000114808F0A6FA2E70204609F0CBFB394630
:108D100009F01CFC01460D4809F0CCFC09F018FED6
:108D200004460146084808F0A0FA62080021BDE8A0
:108D3000F840054808F0EABB034808F08FFA2C70A9
:108D4000F8BD00BFEA310020002C014020C57B4C5B
:108D500010B504466220FAF73BFDC8B9092C3CD98E
:108D60001F4BA4F10A005843462390FBF3F000F296
:108D7000537080B208F0C8FF00221A4B09F02EF899
:108D800009F066FA84B222460021174808F0BEFBBB
:108D90006920FAF71DFD04EB44146400103C15280B
:108DA000A4B204D122460021104808F0AFFB6A208B
:108DB000FAF70EFD152804D1224602210B4808F0CF
:108DC000A5FB6B20FAF704FD152808D12246BDE863
:108DD00010400421054808F099BB0446D3E710BDB4
:108DE00056FAFFFF0000E03F002C01400004004065
:108DF0002DE9F04385B00E46174698469DF8389009
:108E0000FAF748FD124C456812492068FBF744FB0D
:108E10002068B9F1000F18D00F49FBF73DFB9DF911
:108E200034304FF084410C98039309F08FFB09F024
:108E300069FDCDE90180009733462A46074920683D
:108E4000FBF72AFB05B0BDE8F0830549E5E700BF65
:108E5000F031002034420108394201084142010842
:108E60003D42010870B504460846FBF70BF9202186
:108E70000546FBF7BBF803782BB910492046BDE83F
:108E80007040FBF709BB0023052100F8013BFBF70D
:108E900099F906462846FAF7D9FCF12807D0314659
:108EA000FAF778FC08B90649E8E70649E6E72A46F2
:108EB0002046BDE870400449FBF7EEBA5542010870
:108EC00070420108794201088E420108F8B5074650
:108ED0000846FBF7D7F804462C212046FBF786F816
:108EE00000230678054603702046FAF7AFFCF12808
:108EF0000CD0FAF767FC024606492C463846FBF7C9
:108F0000CBFA2C2E04F8016BE6D0F8BD22460249BC
:108F1000F3E700BFA83F0108A54201082DE9F04191
:108F200006460846FBF7AEF820218046FBF75EF8C0
:108F3000037804462BB918493046BDE8F041FBF7E9
:108F4000ABBA002505704046FAF780FCF1280746C9
:108F50001AD06378212B0AD07E2B08D02F2B06D075
:108F6000611C0E48FBF724F820B10D49E4E7012508
:108F7000A11CF6E7012138461DB1FAF7B3FC0949F7
:108F8000DAE7FAF7A7FCFAE742463046BDE8F041D7
:108F90000549FBF781BA00BFBF420108CF42010873
:108FA000D6420108E54201088E4201082DE9F04F42
:108FB00004468DB00846FBF765F8464990F80080F6
:108FC0002046FBF769FA00274FF0200BDFF80891E5
:108FD000FEB23046FAF75EFC05463046FAF78AFCE8
:108FE000C30702D5B8F1680F56D16B68AA68298B00
:108FF0003046079306920591FAF7E4FB0599069A25
:10900000079B02900191009234495A462046FBF793
:1090100043FA0DF1270303930DF1260302930BABE3
:1090200001930DF1250300933146D9F8000009ABF7
:109030000AAAFEF736FA00B39DF925304FF08441B5
:109040000B98059309F082FA09F05CFC244B9DF81B
:1090500027C0244A9DF92610BCF1000F18BF1A46FC
:109060009DF824B0059BCDE90212019000932046A3
:109070005B460A9A1C49FBF70FFA3046FAF740FCA8
:10908000D8B13046FAF73CFC012816D020461749E3
:10909000FBF702FA4FF02C0B0137F02F98D1144B4D
:1090A0002046D3F8F0271349FBF7F6F9204612497A
:1090B0000DB0BDE8F04FFBF7EFB902972B682046E3
:1090C00001936B690D490093D5E90323FBF7E4F99C
:1090D000E0E700BF01430108EC3100200343010831
:1090E000F6420108FB42010831430108F64301083A
:1090F00000F0FF1FCC430108074401087E4301082C
:109100002DE9F04F0D468BB00DF11409142200210A
:109110000446484609F03CFC2846FAF7B3FF0778B6
:10912000702F0BD1554B564D186856492C60FEF7E1
:1091300024FA00232B600BB0BDE8F08F632F0AD117
:109140004E4B1868FEF76FFA4F4920460BB0BDE84A
:10915000F04FFBF7A1B92021FAF748FF03780BB9CC
:109160004A49F2E7FAF78EFF20218046FAF73EFFE0
:1091700003780BB9642FF3D106460025404606F864
:10918000015BFAF763FB82463046FAF77BFFBAF1E0
:10919000F10F804601D13E49D7E7642F0CD1374B00
:1091A00051461868FEF748F902463A4920460BB086
:1091B000BDE8F04FFBF770B94FF07E5620214046D6
:1091C000FAF714FF037883460BB9022DC8DD00239C
:1091D00040468BF80030FAF73CFF032D2DD11021CB
:1091E0004046FAF7EFFF09F05DF94FF05E5109F0E4
:1091F000ADF906460BF10100FAF744FF0135052DE4
:109200008046DBD1DDE90598079D1C4B9DF92410B4
:109210006AB2742F18680291009251464A465FFA6A
:1092200088F301960CD1FEF73AFB431D042B18D8A6
:10923000DFE803F012150F0C090049F82500D9E703
:10924000FEF746FBF1E74A461349AFE742461349AA
:10925000ACE72A461249A9E74A461249A6E712494D
:1092600073E7124A124B13490128D8BF134602462E
:1092700020460BB0BDE8F04FFBF70EB9EC310020F3
:10928000F0310020F18D00080D4401082F44010841
:1092900042440108564401086B4401087F44010818
:1092A00093440108A7440108CF44010883450108FD
:1092B000923A0108EB4401080E4B10B51B780446A6
:1092C00093B172B60C4B1868FEF7E4FB0B492046CD
:1092D000FBF7E2F8FEF78EFC024662B6084920462C
:1092E000BDE81040FBF7D8B80649BDE81040FBF7D1
:1092F000D3B800BFDC240020EC3100201545010864
:10930000254501084145010810B5044672B6FEF72F
:10931000D5FC62B640B9F020F9F768F90349204658
:10932000BDE81040FBF7B8B80149F8E784450108EB
:109330009845010808B508F0CDF92DE9F04700245B
:10934000054689461746A0462C212846FAF74EFEC8
:1093500090F800A0064680F800802846FAF776FAD2
:10936000F12886F800A018BF09F80400337818BF68
:1093700001342C2B03D1BC4206F10105E4D3204675
:10938000BDE8F0872DE9FF4707460846FAF77AFE61
:109390000446FAF75EFE202105462046FAF726FE2F
:1093A000037833B938461C4904B0BDE8F047FBF7F1
:1093B00073B80DF104090A2249460130FFF7BDFFD9
:1093C00082463846FAF7B6FA3846FAF7AFFA18B9CD
:1093D00085421CDC6B1C1AD004B0BDE8F08719F87C
:1093E0000400FAF7EFF9424603460C493846FBF70A
:1093F00053F8DFF82C8001345445F0DB3846094936
:10940000FBF74AF86A1C18BF05F1FF35DCE7044694
:10941000DFF81480F0E700BFAE450108CD45010834
:1094200068410108814501088345010810B50446DB
:109430000022616008464FF46D71FDF7C2FE002204
:1094400040F272216068FDF7BCFE002240F29E21CE
:109450006068FDF7B6FE002240F2B2216068FDF7B9
:10946000B0FE60680022BDE8104040F2EF21FDF739
:10947000A8BE000038B53F20FAF7B2F90446A02094
:10948000FAF7AEF905460146204609F01BFA00B18D
:109490002C460021204609F0F7F970B10020084958
:1094A00009F054F8074909F005F909F051FA40F6B6
:1094B000FF73984228BF184638BD2046EFE700BF2B
:1094C00000007A440000C841F7B50446C820FAF706
:1094D0007FF900285BD05C4B4FF0FF361B7860684B
:1094E000043BDBB2012B8CBFFD23FC238DF8003045
:1094F000FF238DF80130554B01961B786A461B01FE
:109500008DF80230036840F2FA215D680823A8470D
:109510004120FAF75DF94E4B400000934FF602737D
:109520008DF8040060688DF80560ADF806300368BA
:109530006A465D6840F232410823A8470025454B42
:109540006068CDE9005303686A465F6840F21A51CB
:109550000823B847404B60680193009503686A464A
:109560005F684FF4A8610823B8473C4B6068CDE9B9
:10957000003503686A465F684FF4A2610823B84764
:10958000374A13780133DBB2052B02D0137003B0D6
:10959000F0BD1570334A606813688DF801500133CF
:1095A00013608DF8003041F68763ADF80250ADF8D6
:1095B000043003686A465F684FF44A710623B8476F
:1095C0004FF6F1736068ADF8003003686A465F6873
:1095D0004FF47A710223B8472349244B6068CDE9E0
:1095E000001303686A465F6840F2F9310823B84700
:1095F0001F4A13780133DBB2042BC7D11D4B6068BF
:10960000CDE90036036815704FF43F716A465D6816
:109610000823A847184B6068CDE9003603686A46FE
:109620005D684FF428710823A8476FF47C126FF02F
:109630004073CDE9002360686A4603684FF468719F
:109640005C680823A047A2E71D3200201C320020DE
:109650002CE210A35000001AFD3CFF4040102000F7
:10966000193200200C320020C0F980E0433CC3FFD7
:1096700018320020810004FF8888F80F0F4B10B5C6
:109680001B78012B14D10E4B1B78013BDBB2012B55
:109690000ED88F20FAF7A4F80A4908F057FF0A49B4
:1096A000044609F0F1F828B9204609F051F910BD37
:1096B0000020FCE74FF4FA70F9E700BFF831002012
:1096C0001D32002000007A440000FA432DE9F041E9
:1096D000CE208846FAF792F81E4F1F4A1F4E204DA3
:1096E000204C28B3204B1B78013BDBB2012B1FD849
:1096F000B8F1000F1CD01421D9201170FAF788F8A6
:1097000000233B7033702B80FE2323700223174A03
:1097100013700123164A1370164A1370FFF7AEFF39
:109720001923B0FBF3F0144B18604046BDE8F081FC
:109730001E21D9201170FAF76BF800200B4B8046E0
:1097400018700B4B387018700A4B307028802070DE
:109750001870E8E71C3200201B320020F631002090
:10976000FC310020FA3100201D320020F9310020A8
:10977000F8310020F7310020003200202DE9F743B6
:109780000646C820FAF724F8002855D08820FAF7B2
:109790001FF800EB80004FEA40088820FAF718F81D
:1097A0000028B8BF033087108820FAF719F804465C
:1097B0009020FAF715F80546FFF760FF814698B14B
:1097C0004FF07E51204609F07DF868B1484608F018
:1097D00065FE214608F06EFF04460146284609F062
:1097E00053F800B92C4625464120F9F7F1FF1C49F2
:1097F00000EB8004284608F0A9FE09F083F86523F1
:1098000000F50050ADF8000064007068ADF8044049
:109810008DF806308DF80770ADF8028003686A464F
:109820005C684FF489710823A0470E4A137801330E
:10983000DBB2022B03D0137003B0BDE8F08300232A
:1098400013704CF67C3300938A2370688DF80430D3
:1098500003686A465C6840F2A1110523A047EBE764
:1098600000002041173200202DE9F3410546C820B1
:10987000F9F7AEFF002800F0E18045F6FF72754B66
:109880006868CDE9002303686A463C215C680823C8
:10989000A0473C20F9F7A4FF6F4B70491C68704E3D
:1098A000C4F30B041C6008F051FE09F051F86D4B35
:1098B000ADF800001A783378686843EA02138DF82F
:1098C0000230694B694A1B78127843EA04138DF819
:1098D0000330674B2409B3F900308DF804408DF84C
:1098E0000530C3F3012343EA02138DF80630614BC0
:1098F0006A461B7840F2E9318DF8073003685C68EE
:109900000823A0475C495D4B6868CDE900130368F4
:109910006A4640F231415C680823A04742F6F503ED
:109920008220ADF80030F9F753FF012808BF8A23E1
:109930004FF0820008BF8DF80230F9F749FF012887
:109940001CBF86238DF802301D238DF803304C4B4D
:109950006868019303686A465C6840F22F11082327
:10996000A047484B1B78043BDBB2012B69D8882009
:10997000F9F72EFF00EB80004400434B434F1B7868
:10998000013BDBB2012B36D83378012B5ED1FFF7D8
:1099900075FE80463C20F9F723FF304908F0D6FDDC
:1099A00006469420F9F71CFF0146394808F0C4FC2C
:1099B000314608F0CBFD364908F07CFE0021064612
:1099C00008F062FF00283FD00020324908F0BEFDB9
:1099D0000646404608F062FD0146304608F06AFE41
:1099E00008F0B6FF4FF6FE73984228BF18463C2891
:1099F00038BF3C2038807D238DF802303B88686872
:109A00008DF803301B0A8DF80430234BADF800406D
:109A10001B886A468DF805301B0A8DF80630A02396
:109A20008DF80730036840F2F1215C680823A047F5
:109A30008220F9F7CDFE8220F9F7CAFE02B0BDE818
:109A4000F08141F2360498E73046BEE700233B80C0
:109A5000D1E700BF0000FFFF0032002000007A4481
:109A6000F8310020F9310020F7310020F6310020D4
:109A7000FC310020FA310020CAFF0B026926F34BAB
:109A8000F13530801B3200201D32002004320020CE
:109A90000000C8420000B4430632002010B50C4656
:109AA000CC200978F9F7B4FECB206178F9F7B0FE45
:109AB000A178CE2001F00101F9F7AAFE2179094B26
:109AC00001F00701CF201970F9F7A2FEE179064BEA
:109AD0004900D6201980F9F79BFEA279034B1A7032
:109AE00010BD00BF1D3200200832002014320020BB
:109AF00038B50A250C46B1F80110D1204901B1FB57
:109B0000F5F14909F9F784FEB4F80310D0204901B2
:109B1000B1FBF5F14909F9F77BFE2178054B8A097C
:109B20001A70054BC1F383011970D820BDE8384085
:109B3000F9F76EBE113200201032002038B50A2528
:109B40000C460988D4204901B1FBF5F14909F9F720
:109B50005FFE6188D2204901B1FBF5F14909F9F7AF
:109B600057FE6379024AC3F30113137038BD00BF77
:109B7000123200200A2310B50C460988D52049016D
:109B8000B1FBF3F14909F9F743FEA379024AC3F3A4
:109B90000113137010BD00BF1332002010B50C4626
:109BA0008978DB208908F9F733FEA178DA20BDE84F
:109BB000104001F00301F9F72BBE0B46114640F2AD
:109BC000B222934216D008DC40F2722293420DD0AA
:109BD00040F29E2293420BD0704740F2EF22934214
:109BE0000AD0B3F56D7F09D1FFF758BFFFF7D6BF95
:109BF000FFF77EBFFFF7A2BFFFF7BCBF70470000B3
:109C00002DE9F0418820F9F7E3FD87B206463D20B3
:109C1000F9F7DEFD012F1FFA80F84ED93F20F9F742
:109C2000DFFD304908F092FC0446384608F03AFC63
:109C30000146204608F03EFD08F08AFE85B22A4C17
:109C4000D020F9F7C5FD238880B2AB4284BF2B46F4
:109C50002580B3F5007F24BF40F2FF132380984294
:109C6000224B98BF20801978214B47451A7826D27D
:109C700051EA020328D12388B3F5FF7F01D80133CD
:109C80002380012F13D9A020F9F7AAFD154908F068
:109C90005DFC0546B0B208F005FC0146284608F018
:109CA00009FD08F055FE2388834288BF2080218863
:109CB000D320BDE8F041F9F7ABBD0025BFE703D9DC
:109CC00023880BB1013B2380012903D123880BB1E9
:109CD000013B2380012AD4D12388002BD1D0013B22
:109CE000CEE700BF00007A44F43100201232002099
:109CF000133200200F4A1378013B13F0FF0301D009
:109D000013707047052313700B4A1388013B1380AF
:109D10000A4A1388013B1380094A1378013B13F068
:109D2000FF0301BF3C231370064A137808BF03F1F9
:109D3000FF33E5E71632002006320020043200200F
:109D400015320020FA3100202DE9F0410646CE20E0
:109D50000D46F9F753FD002800F0B181964F3B788E
:109D6000043BDBB2012B00F2AA81944CD92021786C
:109D7000132984BF00212170F9F74AFD2378092BAC
:109D800028D8DFE813F00A002A0055008300AA0053
:109D9000D500F10041015F01890100230120884ABB
:109DA00088491370884A1370884A1380884A137050
:109DB000884A1070884A1070884A1370884A136065
:109DC000884A13800A780244D2B2142A0A7001D950
:109DD00020700B702846BDE8F0810122784B7A494B
:109DE0001A7000230B7079490B8079490B707949FF
:109DF0000A7079490A70794A1370794A1360794A6E
:109E000013803A78062A08BF2370774B1A786D4B77
:109E1000042A03D0282A01D0092A02D11A78013253
:109E20001A701A78192AD5D922780132227051E095
:109E300009220026624B1A701E22634B1E70634B70
:109E40001E80634B1A704FF4E162684B1A804FF426
:109E50001662674B1A800522664B1A703C22664BCD
:109E60001A7001235B4A13705B4A13705B4A1370CC
:109E7000FFF700FB5A4B18605A4B1E805F4B1B8844
:109E8000002BA7D0237801332370A3E709220026F3
:109E90004B4B1A704C4B4F4A1E704C4B1E8001238B
:109EA00013704D4A13704D4A1370FFF7E3FA4C4B91
:109EB00018604C4B1E80514B1B88322B414B9EBF70
:109EC0001A7801321A701A78142A83D94C4A1278F7
:109ED000012AA9D000221A707CE702220026384B02
:109EE0001A70394B3B4A1E70384B1E800123137089
:109EF000394A1370394A1370FFF7BCFA384B1860AF
:109F0000384B88201E80F9F763FC3C4B2D4A1B8898
:109F1000C01A132801DD16705CE713780133DBB239
:109F20001370142B7FF656AF237801332370F2E7BA
:109F300002230026224A1370234A1370234B254A1A
:109F40001E8001231370244A1370244A1370FFF7F4
:109F500091FA234B1860234BDB201E80F9F74EFC4F
:109F600000283FF437AF8DE703224FF00208144B6F
:109F7000164F1A70144B304683F80080194B1B881B
:109F80003B80FFF73DFE3046FFF7B4FE114B124A0F
:109F900083F8008001231370104A1370FFF76AFAE8
:109FA0000F4B186025B1174B1B7843457FF412AF58
:109FB00000233B8066E700BF1D3200201B320020DB
:109FC0001C3200201A320020F6310020FC31002023
:109FD000FA310020F9310020F8310020F73100205B
:109FE00000320020F431002014320020063200201C
:109FF00004320020163200201532002008320020E2
:10A00000113200201032002004222E4B00261A703C
:10A0100002222D4B1A701E222C4B1E802C4B1A70C4
:10A0200001232C4A13702C4A13702C4A1370FFF72B
:10A0300021FA2B4B2B4A186013780133DBB21370D3
:10A040000A2B6FE704221F4B1E201A7001231E4AA1
:10A050001E49137000220A801D4908701D490B70AB
:10A060001D490B701D4B1A70FFF704FA1C4B1D4A5B
:10A07000186011781C484B1C0088DBB2137010B9B3
:10A080000231CBB213700A2B7FF6A4AE23780133D2
:10A090002370002313709DE600231E21094A1370CC
:10A0A000094A1370094A1380094A11700121094AAB
:10A0B0001170094A1370094A1370094A1360002588
:10A0C00088E600BF1C320020F6310020FC31002061
:10A0D000FA310020F9310020F8310020F73100205A
:10A0E000003200201A320020083200200846704753
:10A0F000B1F5847F07D113680B4A190E11700B4A12
:10A100001B0A1380704740F2091399420BD1136860
:10A110000749180A088007491B0E0B705368064A46
:10A12000C3F30523137070475432002052320020CD
:10A130004832002046320020453200200122F8B586
:10A14000384C4FF4807022700822C4E901020022CA
:10A15000354B364F1E68364B0A2E1D683B8898BF1C
:10A16000002603F1280343F448034FEA13216373E5
:10A1700088BF01261B0C322D2046E37394BF0025B7
:10A1800001252273A1732274FCF7F2FE4FF4FA53F7
:10A1900000BF013BFCD1012240F201112270254A8F
:10A1A0002048C4E90112E3602374FCF7E1FE4FF498
:10A1B000FA5100BF0139FCD11F4A3B881268217453
:10A1C000120642EA03221D4B18781D4B1B785B02D6
:10A1D00043EA00231B48007843EA80231A480078AA
:10A1E00043EAC0231948007843EA00430120207065
:10A1F0004FF4817060604FF4847043EA86032081DD
:10A20000100A43EA0513A072100C120E2273637336
:10A210001A0A1B0CE072A273E3730248BDE8F8400F
:10A22000FCF7A6BE243200203C3200204A32002037
:10A23000403200200800FFFE4C320020593200203E
:10A24000583200205732002056320020443200207D
:10A25000084B094A1B78984228BF1846074B1870CC
:10A260001368984202D9013313607047FDD2013B55
:10A27000FAE700BF543200204C3200205032002058
:10A280002DE9F0415C4C25682DB906F0FBFE2060FD
:10A290002846FFF7DDFF06F0F5FE2368C01A042804
:10A2A0000ED906F0EFFE2368C01A072808D801224D
:10A2B000524B1A70524B5B689988186806F0F6FC8E
:10A2C0008220F9F785FA04284E4F4F4D42D13B7852
:10A2D0005B073FD502218320F9F79AFA01232B70FF
:10A2E0008820F9F775FA06463D20F9F771FA012E34
:10A2F00080467ADD3F20F9F773FA444908F026F9E1
:10A300000446304608F0CEF80146204608F0D2F95F
:10A3100008F0F8FA0446962C4FF0A400A8BF962443
:10A32000F9F756FAA04203DAA420F9F751FA0446E5
:10A33000374A464513685ADA9C4201DB0133136001
:10A340001068A042C4BF00F1FF301060C0B2FFF738
:10A350007FFF02E02B78002BC2D13D20F9F738FABD
:10A360002C4B0A3018804120F9F73AFA014607F0E1
:10A37000E5FF08F0EDFA284E284B31781870D3200D
:10A38000F9F746FA3F20F9F72BFA254908F07CFA4D
:10A3900088B100240020FFF75BFF184B34601C706D
:10A3A000204B1C60204B1C60154B5B68998818681B
:10A3B00006F07EFC2C701D4BD4201988F9F728FA82
:10A3C0001B4BD2201978F9F723FA3978D920F9F7FD
:10A3D0001FFA184BD0201978F9F71AFABDE8F041A6
:10A3E000154BD1201988F9F713BA002493E7A7DD9C
:10A3F000002BA5DD013BA2E73832002059320020B6
:10A4000088320020453200205532002000007A4476
:10A41000203200204A3200204C32002044320020FA
:10A42000CDCCCC3D403200203C32002048320020D0
:10A4300046320020543200205232002038B50C46FB
:10A44000124DA1B900240020FFF702FF104B1C7031
:10A45000104B1C60104B1C60104B1C606B68998883
:10A46000186806F025FC0E4B1C60204638BD2B6B8F
:10A47000186899889B7923B106F01DFC0028E1D16A
:10A48000F3E706F018FC0028EFD1DBE78832002064
:10A49000593200204C320020403200203C32002053
:10A4A0003832002070470000024B03600023037223
:10A4B000704700BFA04D010808B5124B1868998875
:10A4C00006F0F6FB1048F7F713FA42F2283300BF04
:10A4D000013BFCD101220D484FF48071027008222B
:10A4E000C3600374C0E90112FCF742FD42F2283355
:10A4F00000BF013BFCD10348F7F7FAF90248F7F730
:10A50000F7F908BD3C2E0020342E00205C320020DC
:10A5100070B504460E46154609B9017270BD037A3E
:10A520001BB9FFF7C9FF01232372364C2378072B91
:10A53000F4D8DFE803F004171E3843485059324876
:10A54000F7F7D6F93148F7F7D3F90123304A1370FA
:10A5500040F2216353602F4B93600023D360137448
:10A5600010461AE002232A4A13702B4B536008232B
:10A57000F2E70222264B1A70284A5A6040F205225E
:10A580001A812DB1852241F664155643B6FBF5F5C7
:10A5900000221F489D72DA729A81FCF7E9FC237849
:10A5A00001332370BAE70223194A13701C4B1D4D67
:10A5B00053601D4BC2E902536023D0E70223144AC3
:10A5C0001370154BF3E70223114A1370174B5360B6
:10A5D00001231381C4E702230D4A1548137042F684
:10A5E0000353C2E90103BBE70223094A1049137070
:10A5F00041F603131046C2E90113FCF7B9FC00232E
:10A60000CFE700BF5A3200203C2E0020342E00201D
:10A610005C3200200800400060E0FF1399007210D7
:10A6200040C02C10080101CF0F00514640202410DB
:10A63000CB4027100020704701207047BD20F9F75C
:10A64000DDB8000010B5FEF735FBC0230222032160
:10A65000054806F0F1FABDE810400123022203216B
:10A66000024806F0E9BA00BF00080140000C0140B2
:10A6700040F2EE2388B2984238BF184641F64C5358
:10A68000984228BF1846FEF729BB000038B505469A
:10A690000846094907F05AFF0446E86807F002FF38
:10A6A000214607F053FF08F053F9BDE83840024651
:10A6B0000421024806F02ABF0000204100040040A7
:10A6C00038B5054608460B4907F040FF0A4907F030
:10A6D00035FE0446E86807F0E5FE214607F036FF40
:10A6E00008F036F9BDE8384002460221034806F07A
:10A6F0000DBF00BF00002041CDCC4C3E0004004007
:10A7000038B504460A480D46F9F740FFA0F28253D7
:10A710004E2B09D96FF4387318444E2806D9237A82
:10A720002B700120237238BD0123F9E70323F7E7DB
:10A73000A02E002010B504461448F9F727FF6FF447
:10A74000D863C3184E2B124A19D9A0F67E234E2B7C
:10A7500017D9A0F53D634E2B15D9A0F643334E2BE8
:10A7600008D81368A3F575734E2B9EBF637D83F0E5
:10A770000103637500231060607D184310BD08233A
:10A78000F9E70423F7E70223F5E700BFA42E002032
:10A7900078320020F8B504461A48F9F7F7FEA0F21F
:10A7A0006D434E2B0546184F04D8184B2361206982
:10A7B0003D60F8BDA5F236234E2B20690FD83B68CB
:10A7C000312BF4DC124907F0B9FD1249064608F0B6
:10A7D0005BF808B1304600E00E482061E7E7A5F5D8
:10A7E000E5734E2BE3D83B68312BE0DC084907F0DA
:10A7F000A3FD0021064608F065F80028EAD10020F4
:10A80000EBE700BFA02E0020743200200000484279
:10A81000AE4785410000C84210B504460948F9F723
:10A82000B5FE6FF4BF73C3184E2B074A06D81368E2
:10A83000312BDEBF237D83F0010323751060207D63
:10A8400010BD00BFA02E002070320020034B03601B
:10A850000223037242F21073C3607047F04D010887
:10A86000114AF8B50023154610490133162B42F85A
:10A87000041BFAD163240E4E204656F8047BF8F7E9
:10A88000A7FF0134E4B26D2C45F82070F4D1094ED5
:10A89000204656F8047FF8F79BFF0134E4B2712C90
:10A8A00045F82070F4D1F8BD883200208C2D0020AE
:10A8B000304E0108544E010810B5094B094C712067
:10A8C000C4E90033A360F8F783FF074B44F8203056
:10A8D0007220F8F77DFF054B44F8203010BD00BF13
:10A8E000942E00207C320020A42E0020A02E0020D8
:10A8F00003460144002010B5044C8B4200D110BD2A
:10A9000013F8012B4240A05CF7E700BFDD240020D4
:10A9100010B5044600224FF40071FCF752FC0022EF
:10A920004FF404712046FCF74CFC2046BDE8104073
:10A9300000224FF40871FCF744BC00004378827891
:10A940001B0243EA024302781343024A43F317030C
:10A9500013607047EC320020437882781B0243EA90
:10A96000024302781343024A43F31703136070470C
:10A97000E8320020437882781B0243EA02430278DF
:10A980001343024A43F3170313607047E432002075
:10A990000346B3F5047F084607D0B3F5087F06D019
:10A9A000B3F5007F05D1FFF7C9BFFFF7D5BFFFF7AC
:10A9B000E1BF70476FF4807373B50C4600930B686A
:10A9C0006A464FF440715E68054604232046B0474E
:10A9D0001A4A1B4813788DF800300378190141F0AA
:10A9E00001018DF80110FF210133DBB20F2B28BFCD
:10A9F0000023ADF80210002103700191042D05D849
:10AA0000DFE805F0031916031900117008216846E4
:10AA1000FFF76EFF0B4B8DF80300187023686A4632
:10AA20005D684FF4807104232046A84702B070BDD2
:10AA3000A6231370EAE7AA23FBE700BFE132002058
:10AA4000E2320020E032002038B50C4605460846C8
:10AA500003F0BEF8002240F2796120466C60FCF7FA
:10AA6000B0FB68680022BDE838404FF46471FCF721
:10AA7000A8BB000038B504200D461446F8F7A8FE20
:10AA800038B1431E2C40032B8CBF002004F0010082
:10AA900038BD024B1B7804EA0300F9E7F1320020CD
:10AAA000002008B5F8F794FE012801D003F0DAF988
:10AAB000084B187807F028F9074B002207F0B8FA7E
:10AAC00007F0E6FB07F01EFFBDE808400146CC207A
:10AAD000F8F79EBEF03200200000024040F2796399
:10AAE000994210B5144605D101218620BDE81040D9
:10AAF000F8F78EBEB1F5647F1ED1D378C3F3C103DE
:10AB0000012B14D16E21E520F8F782FE6FF48871D5
:10AB10000A4BA279CE201A70637903F00F03194112
:10AB200001F00101064B81F001011970DEE7022BF3
:10AB30000CBFE6210021E6E710BD00BFF032002087
:10AB4000F1320020822008B5F8F742FE012804D037
:10AB5000BDE80840002003F065B808BD014B104671
:10AB60001A707047013300204160002208464FF4FC
:10AB70008471FCF726BB0000B1F5847F10B5144644
:10AB80002ED1537810781B0203F44073184307F05A
:10AB900089FC144B186007F0B5FE0146CD20F8F78C
:10ABA00037FE6378104AC3F3810113F0300F117040
:10ABB00014BF012100213B208900F8F729FEA0786D
:10ABC00007F070FC094907F0C1FC094B186014201C
:10ABD000F8F7FEFD00EB8000064B4000C0B21860A5
:10ABE00010BD00BFFC320020003300200000C8422E
:10ABF000F8320020F43200202DE9F74F524A814606
:10AC00001368002B00F39A800620FDF78BF8C8200C
:10AC1000F8F7DEFD002800F08E808820F8F7D8FDD8
:10AC200080463D20F8F7D4FD0746A020F8F7D8FD70
:10AC3000464907F08BFC8346CC20F8F7C9FD044653
:10AC4000CB20F8F7C5FD8442B4BFCC20CB20F8F769
:10AC5000BFFD10280546A8BF10253D4B012D1B78D0
:10AC6000B8BF0125023BDBB2012B04468CBF01209B
:10AC7000032007F017FC374B013D196807F066FC0D
:10AC80000646204607F00EFC0146304607F05EFC03
:10AC900082463E20F8F7A4FD51460646584607F086
:10ACA000F3FD00B1DA462C4B50461C68214607F0F4
:10ACB000EBFD00B154462146304607F003FE00B1DB
:10ACC0002646DFF898A09AF800401CB1304607F0FD
:10ACD00019FE04461D49304607F0ECFC01468F2062
:10ACE000F8F7A4FD8220F8F773FD9AF800308DF88C
:10ACF0000540002B0CBF6FF03F036FF05F038DF832
:10AD000000008DF801808DF8037024121D43D9F8DE
:10AD100004004FEA28283F128DF804708DF8064091
:10AD20008DF807508DF8028003686A465C6840F22F
:10AD300009110823A04703B0BDE8F08F013B136061
:10AD4000002B7FF464AF5FE7F432002000007A4408
:10AD500000330020FC320020F832002001330020B4
:10AD600038B51446104DCAB1EB6A186899889B79BA
:10AD700073B105F0A0FFB0FA80F04009AB680B4C4E
:10AD800099882070186805F091FF2478204638BD16
:10AD900005F091FF003818BF0120EFE7AB689988F4
:10ADA000186805F085FFF1E78832002002330020A3
:10ADB0000022BB21FCF705BA38B5437882781B091D
:10ADC00043EA02130F4A13F4006F13806FEA4352F1
:10ADD0006FEA525218BF134604790B4A0546407970
:10ADE0001380230943EA001007F05CFB074B2402A1
:10ADF0001860E87804F47064204307F053FB044BB8
:10AE0000186038BD04330020103300200C330020BC
:10AE100008330020BB2802D10846FFF7CDBF70479A
:10AE20007FB505466C46124B03F1100622461868A2
:10AE30005968083303C2B3421446F7D16B78012135
:10AE400003F00F0310336B4413F8102CFF23094851
:10AE5000082905D06C5C01316340DBB2C35CF7E7C5
:10AE60005340DBB2C05C80F0FF0004B070BD00BF97
:10AE7000D2450108EC4E01082DE9F341254D064667
:10AE80002B780C460133DBB2642B2B700BD10027DF
:10AE90000B686A46D3F80480204602231E49ADF8A9
:10AEA0000070C0472F7028220023ADF802204FF019
:10AEB00018521A4D8DF800302B78022E8DF8013083
:10AEC000019219D0042E1FD0012E1DD06846FFF725
:10AED000A7FF23688DF800005E686A460823BA2140
:10AEE0002046B0472B780133DBB2102B28BF00235C
:10AEF0002B7002B0BDE8F081292243F010038DF8D9
:10AF000002208DF80130E1E7292243F050038DF84B
:10AF10000220F6E70733002019DAFF1B0633002072
:10AF200010B5044600226160084640F2F141FCF78A
:10AF300048F960680022BDE8104040F2F541FCF796
:10AF400040B9836810B5002B04460ADD0620F8F7E7
:10AF50003FFC032807D1E0680028D4BF002001206F
:10AF600010BD0020FCE70120FAE7836810B5002B34
:10AF7000C4BF03F1FF338360C3680446002BC4BF22
:10AF800003F1FF33C36003689B68984707F0BAFC7E
:10AF90000146A420F8F73CFC2046FFF7D2FF88B119
:10AFA0009520216AF8F742FC9620616AF8F73EFC8A
:10AFB000A16A9A20F8F73AFCE16A9B20BDE81040AC
:10AFC000F8F734BC00219520F8F730FC00219620DA
:10AFD000F8F72CFC00219A20F8F728FC0021ECE778
:10AFE00038B50446FFF7ADFF08B9002038BD492049
:10AFF000656AF8F7F5FB0146284607F063FC002870
:10B00000F3D14820256AF8F7EBFB0146284607F004
:10B010003BFC0028E9D14C20E56AF8F7E1FB01464A
:10B02000284607F04FFC0028DFD14B20A46AF8F730
:10B03000D7FB0146204607F027FCB0FA80F0400914
:10B04000D4E7000008B5FFF7CBFF08B1014808BD01
:10B050000020FCE700381C4638B5084607F022FA05
:10B0600004460D4907F072FA214607F06FFA0B49C2
:10B070000546204607F06AFA0146284607F05CF9C3
:10B08000074907F05BF906F053FB064907F05EFA43
:10B09000054907F053F938BD033115332873863A53
:10B0A000AEAB2B408B39F4C1495EBF4200000000BB
:10B0B00040F2F143994270B5044650D040F2F54356
:10B0C00099424BD10125118804EB450349BA998275
:10B0D0005188162049BA19829188023549BA998354
:10B0E000D28852BA1A83F8F773FB0A23584344F8FC
:10B0F00025000620F8F76CFB0328238AA68A258BF7
:10B100002FD1608A984288BF184606F0FDFD24A31F
:10B11000D3E9002306F08CFF07F0BAF82062E08A3A
:10B12000B04238BF304606F0EFFD1DA3D3E900233F
:10B1300006F07EFF07F0ACF8618B6062A94238BF71
:10B1400029462046FFF788FFA18BE38BA062994236
:10B1500028BF19462046FFF77FFFE06270BD00253B
:10B16000B1E7184606F0D0FD0DA3D3E9002306F0A1
:10B170005FFF07F08DF82062304606F0C5FD08A39A
:10B18000D3E9002306F054FF07F082F829466062F5
:10B190002046FFF761FFA18BA062DBE7AFF30080E1
:10B1A000000000008099C94010B50446002261608B
:10B1B000084640F27331FCF704F860680022BDE8ED
:10B1C000104040F25131FBF7FCBFC36810B5002BB3
:10B1D000C4BF03F1FF33C360036804469B6898470C
:10B1E00007F090FB0146A420F8F712FBE368002B60
:10B1F00011DD95202169F8F719FB96206169F8F7B0
:10B2000015FBA1699A20F8F711FBE1699B20BDE8C5
:10B210001040F8F70BBB00219520F8F707FB002141
:10B220009620F8F703FB00219A20F8F7FFFA002197
:10B23000ECE70000F8B540F273339942044629D197
:10B24000108857889688D58806F05EFD0022154B39
:10B2500006F0EEFE07F01CF82061384606F054FDBB
:10B260000022104B06F0E4FE07F012F86FF488732A
:10B270006061F01807F016F96FF48872A061A818E1
:10B2800007F010F9E0611620F8F7A2FA0A235843F4
:10B29000E060F8BD40F25133994204BF53888360A7
:10B2A000F7E700BF00408F4038B5C3680446002B65
:10B2B00001DC002038BD45694920F8F791FA0146C4
:10B2C000284607F0FFFA0028F3D148202569F8F74F
:10B2D00087FA0146284607F0D7FA0028E9D14C2022
:10B2E000E569F8F77DFA0146284607F0EBFA0028F1
:10B2F000DFD14B20A569F8F773FA0146284607F01D
:10B30000C3FA0028D5D1A0680028D4BF00200120AE
:10B31000D0E700000000000010B50446FFF7C4FFAE
:10B3200050B1A06806F0F0FC05A3D3E9002306F0B5
:10B3300055FD06F0ADFF10BD0020FCE7AFF3008027
:10B340009A9999999999B93F70B5064604200C4687
:10B350001546F8F73DFA042810D8DFE800F0030A94
:10B360000A0A0A00064B1B7833B12CB10120707514
:10B3700070BD0CB1002DF9D1002373750020F7E7E3
:10B380003433002038B504460D46084602F04CF828
:10B39000002240F2773128466560FBF712FF002259
:10B3A00040F289316068FBF70CFF60680022BDE85D
:10B3B000384040F28A31FBF704BF37B5044682209B
:10B3C000F8F706FA04283ED13D20F8F701FA00EB21
:10B3D00080004000A0818820F8F7FAF9E081607DC4
:10B3E00000B1012002F074F8A38960685BBAADF87F
:10B3F0000030237D6A468DF80230002301938DF8DA
:10B400000330036840F286215D680823A847637D06
:10B41000C3B13D20E589F8F7DBF98542B8BF237D4C
:10B420004FF03D00BCBF01332375E589F8F7D0F933
:10B430008542A2BF237D03F1FF332375237D772B44
:10B4400001D97823237503B030BD0000000000004F
:10B4500070B506460088184C40BA80B206F054FC1D
:10B4600011A3D3E9002306F0B9FC06F011FF134B3A
:10B4700005461860708840BA80B206F045FC0CA3FF
:10B48000D3E9002306F0AAFC06F002FF294620605B
:10B49000E220F8F7CBF92168E320BDE87040F8F727
:10B4A000C5B900BFAFF300807B14AE47E17A843F9B
:10B4B0009A9999999999B93F14330020183300202B
:10B4C000F8B50446407806F0E9FF1F4B07461860C0
:10B4D000A07906F019FC1AA3D3E9002306F07EFC3C
:10B4E00006F0D6FE194E1A4D3060A07806F00CFC1E
:10B4F00013A3D3E9002306F071FC06F0C9FE154B37
:10B50000394618602378E5205B002B80F8F78EF928
:10B51000E6203168F8F78AF90720F8F759F960B999
:10B52000F8F756F9012808D0288806F0B7FFBDE8DB
:10B53000F84001468820F8F779B9F8BDAFF30080EC
:10B540009A9999999999B93F243300202033002082
:10B55000123300201C33002038B5144B0279044606
:10B560001A70C278124B80781A70400006F09AFF69
:10B57000104B186020782D3806F094FF0E4B0546CE
:10B58000186060782D3806F08DFF0C4B044601469C
:10B590001860284607F096F928B12946BDE83840DA
:10B5A000E420F8F743B92146F8E700BF353300201F
:10B5B00034330020303300202C3300202833002087
:10B5C00040F289339942104609D040F28A339942B9
:10B5D00007D040F27733994205D1FFF739BFFFF723
:10B5E0006FBFFFF7B9BF704701600022084640F205
:10B5F000DF71FBF7E6BD000040F2DF73994273B5DF
:10B600000446154607D15378042B35D005D8012BB5
:10B6100037D0032B21D002B070BD2A2BFBD10723DA
:10B62000D6788DF80030937806EB0326B0B2F8F7A1
:10B6300021F9F12800F085806A23B0B28DF801303D
:10B64000F8F718F9F8F7BEF8AB7800BA8DF80230C1
:10B65000EB7801908DF8033006E044F20233ADF848
:10B66000003000238DF8023008236A464FF4FD6154
:10B670002068F9F7CDFCCEE74FF48843ADF80030F1
:10B68000F2E741238DF8013093780D2BC3D801A246
:10B6900052F823F0CDB60008E1B6000817B600084E
:10B6A00017B6000817B6000815B7000817B6000847
:10B6B00017B6000817B6000817B6000817B6000836
:10B6C00017B60008F7B600082FB7000806238DF854
:10B6D00000304FF40063ADF8023018230193C3E744
:10B6E00005238DF800300123ADF802304FF60773C3
:10B6F000ADF80430B8E704238DF800300C23A920FE
:10B700008DF80230F8F764F8030A8DF803308DF8ED
:10B710000400A9E703238DF800300523B4208DF839
:10B720000230F8F755F828308DF803009CE7032322
:10B730008DF800300D23AA208DF80230F8F748F874
:10B74000F2E7014B00938FE7037F2231826DC36DD7
:10B750009A42FBD0836D5A1C03F03F030344826579
:10B7600019764FF0FF3343617047A0F10400FFF7F3
:10B77000EDBF10B50446017C002201F5C061806870
:10B78000FBF71FFD617C3F2907D8A0680022BDE8B8
:10B79000104001F5B061FBF714BD10BD10B50446B3
:10B7A0000B4BE26023601433C4E901314FF601739F
:10B7B00023824FF0FF3363610123084684F87C3015
:10B7C0002146FBF7EFFC2046FFF7D3FF204610BDD4
:10B7D0005850010801748068FBF710BDB1F80130C2
:10B7E00010B5B3F5A04F0C461CD10B78402B60D19F
:10B7F00043230B70CB78032B5BD8DFE803F0020701
:10B800000B0F304BD3F8E837636010BD2D4BD3F8E6
:10B81000EC37F9E72B4BD3F8F037F5E7F8F778F882
:10B820006060F2E745F20102934210D10A78402AA3
:10B83000EBD14FF0FF330B714B7100238B71CB7148
:10B84000412121708365C265E3784361DDE745F2FC
:10B85000020293422DD10B78232B2AD160230B7047
:10B86000CB78032B25D8DFE803F002161F2190F8D0
:10B870007C3043B172B6C06808B1FCF70BF9FCF735
:10B88000B9F962B6C1E780220B714B718B71082345
:10B890000A70E371B9E772B6FCF710FA62B6BDE858
:10B8A0001040F020F6F7A2BE05F014FFF7F7FAFFFC
:10B8B000F5E7802323700023237163710223A371B2
:10B8C0000623E6E700F0FF1F2DE9FF41CE78B1F82F
:10B8D0000120731EC3F34703002E18BF1E460C46FB
:10B8E00003AB0093C2F3C018334607464146C06815
:10B8F00002F03F02FBF71BFE23780546402B2ED1BA
:10B9000018B30079F7F7C6FFE37833B9039B636098
:10B910004323237004B0BDE8F081DB0708D595F917
:10B920000830EA791B0643EA0243028B1343EEE731
:10B930001349286806F00AFE06F0E4FF95F9063080
:10B9400020F07F4040EA0363E1E780232370002377
:10B95000237163710223A3710623E371DAE7232BBA
:10B96000F3D10028F1D06368002BEED1B4F80120A8
:10B9700033464146F86802F03F02FBF71BFDC9E77A
:10B9800000007A442DE9F0430B780446232B0D4642
:10B99000914685B00DD1CB78DBB94B68B3F1005F30
:10B9A00004D323F00052B2F5006F05D26366602322
:10B9B0002B7005B0BDE8F0834FF0FF334366802362
:10B9C0002B7000232B716B710223AB710623EB717B
:10B9D000EFE7476E7A1C14D0012B12D1486880B271
:10B9E000F7F748FFA4F86C006B68EF28C3F3054332
:10B9F00084F86F306B684FEA236384F87030DED8C8
:10BA0000D5E794F97080B8F1000FD8D0022BD6D1C9
:10BA10006E6846F3170006F045FD124906F04AFE2F
:10BA200084463616A06694F86C10E06894F86F307F
:10BA300084F86E603A460296CDF804C0CDF80080D6
:10BA4000B9F1000F0AD0FBF743FF002384F87030F0
:10BA50004FF0FF3300286366A9DAB0E7FBF71FFF5A
:10BA6000F3E700BF00007A4470B50B78054603F099
:10BA70006002602A0C462CD103F010030B700123E6
:10BA8000EA6DA96D521A402A0AD0EA6D511C02F0E3
:10BA90003F02E9652A44127EE2540133082BEFD1BC
:10BAA000EA6DA96D521A402A07D12278C3F1080322
:10BAB00042EA430343F001032370A868297C03682A
:10BAC00022465D6801F5B061AC46BDE870400823D0
:10BAD0006047B1F80130B3F5005F15D003F47F4241
:10BAE000B2F5045F2BD1C8781B029BB21844F7F75C
:10BAF000C1FEEF281CD82378232B12D16168F7F7F9
:10BB000049FE18B96023D7E7C878F2E7802323708D
:10BB100030232371002363710923A3710623E3718A
:10BB2000CBE7402BC9D1F7F74DFE43236060C3E755
:10BB3000802323700023237163710223EDE7C6681D
:10BB400096B1B3F5405F03D10022FFF71BFFB4E7C6
:10BB500043F20106B34201D10122F6E7B2F5445F98
:10BB600002D1FFF7B1FEA8E721462846FFF736FECF
:10BB7000A3E7037C03F5C0638B4202D11146FFF7B4
:10BB800073BF437C03F5B0638B4207D11378803BCE
:10BB900018BF012380F8743053688367704770477B
:10BBA0008160002208464FF40471FBF70ABB0000D5
:10BBB000B1F5047F10B5144627D1507906F0A4F8EA
:10BBC00013A3D3E9002306F009F906F061FB01464F
:10BBD000E220F7F72BFE207906F060FC0146E32017
:10BBE000F7F724FEA07806F08FF800220A4B06F043
:10BBF000F5F80022094B05F039FF06F049FBBDE8D6
:10BC000010400146E420F7F711BE10BDAFF30080ED
:10BC10009A9999999999B93F0000E03F00004440F2
:10BC200073B504468220F7F7D3FD012801D004281C
:10BC300015D1237B0133DBB2052B23730FD140F2E7
:10BC400015730025A068ADF800308DF80250036828
:10BC50006A465E684FF476710323B047257302B0DD
:10BC600070BD7047704710B504464160FDF722F87B
:10BC700060680022BDE8104040F25311FBF7A1BA02
:10BC800040F2EE2388B2984238BF184641F64C5332
:10BC9000984228BF1846FDF721B8BD20F7F7AEBD82
:10BCA00008B540F2531399420FD1B2F80100A0F544
:10BCB000B07006F0F7FB4FF0765106F047FCBDE898
:10BCC00008400146AA20F7F7B1BD08BD08B5C82055
:10BCD000F7F77EFD18B9BDE80840FCF7FFBF08BDC7
:10BCE00008B50248F5F7EAFD08BD00BF9C2D00200D
:10BCF000462313B5ADF80430002340688DF80630B4
:10BD0000036840F23B415C6801AA0323A04702B0EC
:10BD100010BD000013B5D1B101291AD001310CBFFB
:10BD2000072308238DF801304FF6FF738122ADF809
:10BD30000230094B40688DF80020019303686A4681
:10BD40005C6840F23F410823A04702B010BD0623C3
:10BD5000E8E70523E6E700BF0080FFFF10B50446D3
:10BD60000A48F5F7ABFD78B12046FFF7C1FF032085
:10BD7000F7F744FD40B1B220F7F72AFD41B2204663
:10BD8000BDE81040FFF7C6BF10BD00BF9C2D0020CE
:10BD90007047037A01200B707047000040F2971340
:10BDA0009942F0B596462DD100239EF802C02D4A47
:10BDB0002D4F2E4E2E4D2F492F4C3048BCF14E0F9B
:10BDC00013703B7033702B700B702370037032D084
:10BDD0001FD8BCF12E0F2BD015D8BCF10E0F2DD0D3
:10BDE000BCF11E0F21D09EF80330C02B32D0D52BD2
:10BDF00008D1234A13780133DBB2022B137001D927
:10BE000001230B70F0BDBCF13E0FECD10123337068
:10BE1000E9E7BCF16E0F1AD0BCF17E0F12D0BCF175
:10BE20005E0FE0D101230370DDE701231370DAE731
:10BE300001233B70D7E701232B70D4E7114A13701D
:10BE4000114AF3E70120104A1070104AEEE701236F
:10BE50002370C8E700230A4A0B7013700C4A137052
:10BE6000D0E700BF46330020453300204433002094
:10BE70004333002040330020413300204233002070
:10BE80003A3300203E3300203F3300203C33002073
:10BE90003D330020002305490830DAB28A5C0133C3
:10BEA000B3F5807F00F8012FF7D17047FC500108EF
:10BEB00010B5044600226160084640F25E51FBF76F
:10BEC00080F9002240F25E616068FBF77AF96068F1
:10BED000002240F29711FBF774F92046BDE81040AC
:10BEE000FFF7D8BF70B500249DF81050954202DBD3
:10BEF00084EA030070BD4E5D013574400444647AE9
:10BF0000F4E7000070B56F4C05462378602B24D011
:10BF100006D8202B00F09D80402B4ED0D3B170BDB1
:10BF2000802B60D0812BFAD1674B1B78002B71D10D
:10BF30008023237003230372644B1B78002B77D07C
:10BF4000634A1378002B73D162490B8801330B804D
:10BF5000012312E060232370E1E75F4B1B78002B85
:10BF6000DDD15E4B1B7853B1BE20F7F731FC30B109
:10BF7000402323700123584A2B721370CFE7584B8C
:10BF80001B786BB9574B1B78002BC8D0564B1B78CE
:10BF9000002BC4D12023237000232B72524B09E0C5
:10BFA000BE20F7F715FC0028ECD080232370032374
:10BFB0002B72494B01221A70B1E7474B1B78002BBB
:10BFC000ADD1474B1B7843B9484B1B78002BD9D0D8
:10BFD0006023237002232B72A1E7BE20F7F7F8FB42
:10BFE0000028E2D1F0E73C4B1B78002B97D13B4B6C
:10BFF0001B784BB93E4B1B78002BE9D1324B1B7899
:10C00000002BBFD08123A6E7BE20F7F7E1FB002875
:10C01000AED1EFE7334B1B78002B8DD0324B1A7823
:10C02000002A89D120210272012221701A7083E72F
:10C03000304B1B78002B3FF472AF254A1378002B4E
:10C040007FF46DAF23490B88002B3FF468AF013BB1
:10C050007DE7214B1B78002B7FF461AFCE20F7F7F3
:10C06000B7FB00287FF45BAF1D4B1B781BBB1B4B42
:10C070001B782BB1BE20F7F7ABFB00287FF478AF1D
:10C08000184B1B78002B3FF44AAF174E3378002B28
:10C090007FF445AFBE20F7F79BFB28B9164B93F909
:10C0A0000030002B7FF43BAF6023237002232B7200
:10C0B0000123337033E7BE20F7F78AFB00287FF4B3
:10C0C00074AFD4E74A3300203F33002041330020CF
:10C0D0003C330020383300203E330020453300201D
:10C0E00043330020403300203D3300204433002000
:10C0F0004633002042330020473300202DE9FF4122
:10C100002C4B044693F900202B4B002A45D160228A
:10C110001A702A4F00263A78294D012A84BF20221E
:10C120001A701B782A788DF80A30264B02A91B88D2
:10C130008DF809208DF80C3001230522009320464C
:10C1400070238DF80B60FFF7CDFE8DF80800606856
:10C150000368D3F8048013460A4640F2FD31C04715
:10C160002B7860680133DBB20F2B08BF33462B708E
:10C1700097F900308DF80960012B4FF0FF3318BF9D
:10C1800000238DF80830036840F202215C6802AA9F
:10C190000223A04704B0BDE8F081511C01D1402228
:10C1A000B6E7012A01D18022B2E7022AB1D12022CA
:10C1B000AEE700BF4833002049330020473300205A
:10C1C000363300203833002070B50446C820F7F716
:10C1D000FFFA204D00283AD12B780BB1013B2B7090
:10C1E000CE20F7F7F5FA011E18BF01211A4B50B106
:10C1F0001A7842B92026227201221848067018487F
:10C2000002701848027019702B782BB12046FFF786
:10C2100079FE2046FFF772FFB220F7F7D9FA124BEA
:10C2200018708220F7F7D4FA104B40B21870104BF8
:10C2300058B993F9002042B12021084A20721170A8
:10C24000012208490A7006490A70187070BD14234B
:10C25000C5E700BFDD2500203B3300204A33002026
:10C260003D3300203E330020483300204733002078
:10C27000DE2500207047002070470000024B197037
:10C28000024B1878704700BF4E3300205033002017
:10C2900041600022084640F25731FAF792BF000091
:10C2A00013B50F4A13780133DBB2022B02D013709F
:10C2B00002B010BD002313700A4A4068127801933F
:10C2C000C2F102028DF800208DF80130ADF8023085
:10C2D00003686A465C684FF456710823A047E7E795
:10C2E0004C3300204E3300202DE970438378417891
:10C2F000314D01EB0321C378304C314E2B70037963
:10C3000089B2CC2033702180F7F782FA2188CB20C4
:10C31000F7F77EFACD20F7F75BFA248844434320F1
:10C32000F7F756FA05F0F0FC21A3D3E9002305F056
:10C3300055FD8046A0B2894605F0E6FC02460B4654
:10C340004046494605F04AFD05F082FF81B23E2095
:10C35000F7F75EFA30782A78831E012B14D99AB940
:10C3600013461146174C032A21700CBF01240024E8
:10C37000154E164D3470164C2B70237007D10223C6
:10C38000237003280BD104E001231946EAE7072AAA
:10C39000F7D104232B700323237000233370CE20A6
:10C3A000F7F736FA2178CF20BDE87043F7F730BAB7
:10C3B0007B14AE47E17A843F52330020543300208F
:10C3C000513300204F330020503300204B330020E6
:10C3D0004D33002040F25733994202D11046FFF707
:10C3E00083BF7047104621B122B10122024B1A705F
:10C3F00070470846704700BF5E330020416000224E
:10C4000008460149FAF7DDBEE550FF18254BF7B5A0
:10C410001B780446002B3BD08820F7F7D9F9224F30
:10C42000224E38803D20F7F7D3F930803E20F7F7D1
:10C43000CFF91F4D2880A420F7F7CAF980B2B0F5D4
:10C440007A7F88BF42F6E0603A881A4B9CBF50431F
:10C4500080B218802B880A21834228BF03462B8094
:10C46000B3FBF2F3328801FB02F0594303EB830381
:10C470005B008DF80330002302EB820200125200B1
:10C4800009128DF800008DF801208DF8021001933B
:10C4900060686A46036808495C680823A04703B0DF
:10C4A000F0BD00BF5E3300205C3300205A33002013
:10C4B0005833002056330020F4E50618704708B5BD
:10C4C000B0F9160005F0EEFF08BD08B5B0F9100090
:10C4D00005F0E8FF08BD08B5B0F9140005F0E2FF6B
:10C4E00008BD08B5B0F9120005F0DCFF08BD007EFC
:10C4F000704738B504460D46084600F095FF002207
:10C5000040F2892128466560FAF75BFE002240F27E
:10C5100099216068FAF755FE60680022BDE838404E
:10C5200040F23371FAF74DBE70B5044624200E4632
:10C53000F7F74EF90B490546304606F007F8014675
:10C540005DB9094905F0FAFE06F002FAE06101461C
:10C55000BDE87040AB20F7F75BB9034805F0ECFE8F
:10C56000F2E700BF0000A04100401C4640F29923C2
:10C57000994215D040F2337399421AD040F2892380
:10C58000994219D19178D37843EA0123A3F59C43CA
:10C59000203B43821179537903EB01238382704757
:10C5A000537812791344503B03EBD3735B1003822F
:10C5B00070471378283BC382704713B5037A013361
:10C5C000DBB2052B02D0037202B010BD0023037250
:10C5D000C36940681ABA6FF30F02009242F21072F8
:10C5E000934214BF4FF440330023019303686A461B
:10C5F0005C6840F287210823A047E5E730B5044690
:10C6000089B08220F7F7E4F8012819D130220023FD
:10C610006068CDE9002303686A4640F271315D68C5
:10C620000823A8474FF074514FF404136068CDE914
:10C63000001303686A465C6840F286210823A0471D
:10C6400009B030BD014B0360704700BF5C52010868
:10C6500070B504460D461646002301603D486060F3
:10C660000268AA4204D001331030032B6060F7D176
:10C67000022283890321806804F0DEFA31462846CD
:10C6800004F062FF2846082104F072FF28460021CA
:10C6900004F077FF28460C2104F07FFF2846002194
:10C6A00004F075FF0021284604F07DFF2B69284621
:10C6B00043F480432B6104F091FF284604F089FF86
:10C6C00063682548197904F0EFF8636822481979FE
:10C6D00004F051F963682A1D19791F4804F066F9BE
:10C6E000636804F1080219791B4804F068F963686B
:10C6F00000221979184804F012F9636800221979A8
:10C70000154804F0FFF863681348197904F014F928
:10C7100063681148597904F0C7F863682A1D59798C
:10C720000D4804F043F96368002259790A4804F07F
:10C73000F6F8636800225979074804F0E3F8636863
:10C740000548597904F0F8F8284604F032FF2046ED
:10C7500070BD00BF8C52010800000240002310B5DC
:10C76000934202DB80F0FF0010BDCC5C013320441B
:10C77000A0F1FF04A4B2B0F5807F88BF2046C0B20C
:10C78000EEE7C0F34001C0F3C00210B54A40C0F369
:10C7900000146240C0F34013D2B29A1A534253417C
:10C7A00040EAC313C0F3800200F001006040514032
:10C7B000414043EA8110C0B210BD00002DE9F041B4
:10C7C0000446884616461D46002B48D0082B4DD8F7
:10C7D000DF1C63682648197904F0DFF863683A467D
:10C7E0001979234804F0FBF863682148597904F06B
:10C7F000D4F863681E48597904F1130204F0DFF895
:10C8000063680C2259791A4804F0E9F85523404628
:10C810002372FFF7B6FF2346324603F8090F71195A
:10C820008A421ED12A463146FFF798FF2544A87256
:10C830006368022219790E4804F047F822680C4810
:10C84000D36843F00103D3606368197904F09CF85E
:10C85000636807485979BDE8F04104F095B80227AC
:10C86000B7E712F8017B03F8017FD9E7BDE8F08153
:10C870000000024070B51546436804460E460F4856
:10C88000597904F0A5F8082D15D82B1DC0F10C001E
:10C89000834210D13046FFF774FF637D83420AD193
:10C8A00004F116012A46FFF759FF2C44A37D1B1AF9
:10C8B0005842584170BD0020FCE700BF0000024014
:10C8C0007047000073B5254A044613780133DBB284
:10C8D000052B02D0137002B070BD002330211370FD
:10C8E000C0680822FFF7C6FFD8B1E568287F2F3857
:10C8F00005F0D8FD0146EB20F6F798FF0A23A87E45
:10C90000B0FBF3F005F0CEFD0146EC20F6F78EFF0C
:10C910005020AB7D584305F0C5FD0146ED20F6F7EC
:10C9200085FF0F4D2E7856B1002330211A46E0685E
:10C93000FFF744FF2B7883F001032B70CBE75620E1
:10C94000F6F746FF01238DF8053004231C218DF8EE
:10C950000400ADF806600DEB0302E8E75F3300204A
:10C96000DF25002008B5064BC1609988186804F0DF
:10C970009FF9044B99881868BDE8084004F096B9FF
:10C980002C2E0020242E0020037A01200B707047EB
:10C9900041600022084640F21231FAF712BC000052
:10C9A00040F21233994208D1D379044903F00F03BE
:10C9B0000B70D378024A1B09137070476033002054
:10C9C0006433002010B504468220F6F701FF08B951
:10C9D000022323728220F6F7FBFE054A28B913785A
:10C9E000132B01D80133137010BD0023FBE700BFE8
:10C9F0006233002013B504468220F6F7E9FE254B8A
:10CA000000B918701A78002A14BF7C235C238DF8B3
:10CA10000030214B1B788DF8023012D166217E3B0D
:10CA20008DF803301D4B8DF8011001932272606860
:10CA30006A46036840F2F3315C680823A04702B0FD
:10CA400010BD012A07D1242103338DF803308DF85E
:10CA50000110134BE9E7022A07D1252104338DF891
:10CA600003308DF801100F4BDFE7032A07D1242193
:10CA700006338DF803308DF801100B4BD5E7072AEC
:10CA8000D5D124220A338DF80330084B8DF80120CC
:10CA90000193CCE76433002061330020FF7F0080E6
:10CAA000FEFF0100FDFF0200FBFF0400F7FF08008E
:10CAB00010B5104B1B78132B16D80F4C237801336D
:10CAC000DBB2022B23700FD1FFF794FF0B4A0C4906
:10CAD000137809780133DBB2137031B9022B04D11A
:10CAE000042313700023237010BD0F2BFAD10023F1
:10CAF000F7E700BF6233002063330020613300207A
:10CB000064330020037A01200B70704741600022DB
:10CB10000846E021FAF755BBE02905D11379034A0D
:10CB20001370034A1B091370704700BF663300205F
:10CB30006C33002013B504468220F6F749FE414BC2
:10CB400000B918700022ADF800203F4A1278012A7F
:10CB500019D109228DF802201B78C3B93B4A3C4900
:10CB6000127842F012028DF803203A4A1288895C4A
:10CB70008DF8041038498A5C8DF805204FF4004286
:10CB8000ADF8062015E0002AE6D11022E2E7012BDD
:10CB900019D12E4A2E4912788DF803202D4A128879
:10CBA000895C8DF804102D498A5CADF806308DF84B
:10CBB0000520237260686A4603682C215C6808239C
:10CBC000A04702B010BD022B0DD1204A2049127897
:10CBD00042F001028DF803201E4A1288895C8DF80C
:10CBE00004101F49E0E7032B13D1184A127842F0D2
:10CBF00004028DF80320174A1188154A525C42F04E
:10CC00000B028DF80420174A525C8DF8052004228F
:10CC1000B6E7072BCED10D4B1B7843F004038DF8FC
:10CC200003300C4B1A880A4B9B5C43F00B038DF8C6
:10CC300004300D4B9B5C8DF805300823ADF80630B1
:10CC4000B8E700BF6C3300206B3300206A3300204C
:10CC500078530108683300206853010858530108CD
:10CC600048530108385301082853010808B5074BF9
:10CC70001B78132B09D8FFF75DFF054A1388013392
:10CC80009BB20F2B88BF0023138008BD65330020A3
:10CC9000683300204022034B1A700122024B1A70A5
:10CCA000704700BF6A3300206B33002010B5044684
:10CCB0008220F6F78DFD012812D1FFF7EBFF8220CD
:10CCC000F6F786FD08B9022323728220F6F780FD6D
:10CCD000064A48B91378132B01D80133137010BDDD
:10CCE0000022034B1A70EAE70023F7E765330020C0
:10CCF0006B33002070470000014B1878704700BF6D
:10CD00007D330020024B1970024B1878704700BF2A
:10CD10007B3300207E33002010B504460022616082
:10CD2000084640F25731FAF74CFA002240F2091156
:10CD30006068FAF746FA60680022BDE8104040F2E9
:10CD40009651FAF73EBA10B5044603784178D420DC
:10CD500003EB0121F6F75CFDA378E178D22003EB29
:10CD60000121F6F755FD23796179D02003EB0121EC
:10CD7000F6F74EFDE179A379D120BDE8104003EB31
:10CD80000121F6F745BD00002DE9F843837841788D
:10CD9000414D01EB0321C378404C414E2B70037988
:10CDA00089B2CC2033702180F6F732FD2188CB2068
:10CDB000F6F72EFDCD20F6F70BFD2488394F4443BE
:10CDC0004320F6F705FD04F09FFF31A3D3E90023CC
:10CDD00005F004F88046A0B2894604F095FF0246AB
:10CDE0000B464046494604F0F9FF05F031FA81B29E
:10CDF0003E20F6F70DFD33782A78023BDBB2012B9B
:10CE0000DFF8A490DFF8A48000D9AAB10121032A99
:10CE1000397089F8001012D1832088F80010F6F7D5
:10CE2000F7FC2B78042B224B0BD1012202211A7024
:10CE30008320F6F7EDFC0AE03A7089F80020002123
:10CE4000EAE7002298F800101A700029F0D03B7829
:10CE5000184C23702B78032B05D1022323703378D1
:10CE6000032B09D101E0072BF9D104233B700323E5
:10CE70002370002388F8003099F80010CE20F6F7D0
:10CE8000C7FC2178CF20BDE8F843F6F7C1BC00BF4E
:10CE90007B14AE47E17A843F803300208233002048
:10CEA0007F330020783300207C3300207E33002045
:10CEB0007D330020793300200E4A13788BB103783C
:10CEC0000D49802B0ED101200C4B18700B780344B8
:10CED000DBB20B700021042B117082BF0522084BBE
:10CEE0001A707047602B01D00023F2E70120054B38
:10CEF0001870F9E775330020703300207433002078
:10CF0000723300207333002040F2573399421046A9
:10CF100009D040F29653994207D040F20913994242
:10CF200005D1FFF710BFFFF72FBFFFF7C5BF704751
:10CF3000F8B58820F6F74CFC87B23D20F6F748FCA0
:10CF4000012F86B237D93F20F6F74AFC1D4905F07C
:10CF5000FDFA0546384605F0A5FA0146284605F0D3
:10CF6000A9FB05F0F5FC85B2174CD020F6F730FC94
:10CF7000238880B2AB4284BF2B462580834224BFE6
:10CF800003462080FA2B84BF00232380B74214D2AB
:10CF9000238801332380A420F6F71AFC21888842D5
:10CFA00003DAA420F6F714FC81B22180D320BDE877
:10CFB000F840F6F72DBC0025D6E7ECD92388013BD5
:10CFC000E8E700BF00007A4476330020234B37B5F2
:10CFD0001B7804460BB1FFF7ABFFEE20F6F7F8FB2A
:10CFE000013818BF012008251D4B1A781D4B42EA55
:10CFF000C0122A4394201D708DF80020F6F7E8FB3C
:10D000008DF801008820F6F7E3FB8DF802008820F8
:10D01000F6F7DEFB28418DF803003D20F6F7D8FB3C
:10D020008DF804003D20F6F7D3FB28418DF805006C
:10D03000D320F6F7CDFB8DF80600D320F6F7C8FB1A
:10D0400028418DF8070060686A4603684FF45671FE
:10D050005C682B46A04703B030BD00BF7D33002085
:10D060007B3300207A3300202DE9F341864D0446BE
:10D070002B78052B23D8DFE813F0060025004600A7
:10D08000CB0060017D01814F814E3B78A3B933789D
:10D090002BB1002333702B7801332B700FE07D4AC6
:10D0A0004068CDE9002303686A465C6840F2166177
:10D0B0000823A04701233B703378002BE9D102B04D
:10D0C000BDE8F081714F724E3B78C3B933784BB1F4
:10D0D00000232A78337001322A706F4A13706F4A26
:10D0E0001370ECE76E4A4068CDE9002303686A4696
:10D0F0005C6840F216610823A04701233B70337837
:10D10000002BDCD0E4E7674F634E3A88092A78D8D1
:10D110003178002956D1614B1878002831D001228E
:10D1200019703270594D2B78002BC8D15E4B3A885C
:10D1300000935E4B606803EBC2031A7940F21661FC
:10D140008DF804205A798DF805209A79DB798DF8CD
:10D1500006208DF8073003686A46D3F80480082358
:10D16000C04701232B703378022BA8D14B4B1A7880
:10D17000002A32D000221A703B88327001333B8083
:10D180009DE7424D2B78002B99D1494B6068009365
:10D19000464B13F8321003EBC2035A788DF8041093
:10D1A0008DF805209A78DB788DF806208DF8073009
:10D1B00003686A46D3F8048040F216610823C0472A
:10D1C00001232B703378012BCDD1344B1A78002AF0
:10D1D000A8D00222327000221A702C4D2B78002B1E
:10D1E0007FF46DAF334B00934FF47A736068019313
:10D1F00003686A465C6840F216610823A047012371
:10D200004BE70023214A337013703B80032344E72C
:10D21000244F214E3A88062A00F286803178002970
:10D2200070D11E4B187800284AD001221970327034
:10D23000164D2B78002B7FF442AF1F4B3A8800939A
:10D240001E4B606803EBC2031A7940F216618DF839
:10D2500004205A798DF805209A79DB798DF806201B
:10D260008DF8073003686A46D3F804800823C04766
:10D2700001232B703378022B7FF421AF074B1A78F0
:10D28000002A7FF477AF48E0723300207533002026
:10D2900074330020230031007133002073330020E9
:10D2A000238031006E33002023003001EC5301084D
:10D2B000230030002300300223013001B453010861
:10D2C000304D2B78002B7FF4FAAE2F4B6068009323
:10D2D0002E4B13F8321003EBC2035A788DF804106A
:10D2E0008DF805209A78DB788DF806208DF80730C8
:10D2F00003686A46D3F8048040F216610823C047E9
:10D3000001232B703378012BB4D1214B1A78002ADA
:10D310008ED00222327000221A701A4D2B78002B08
:10D320007FF4CDAE1B4B5EE70023164A33701370BB
:10D33000174A3B8013700423AFE6124FDFF850808A
:10D340003B7898F8006083B996B9134B4068CDE9F3
:10D35000003603686A465C6840F216610823A047FD
:10D36000012388F800603B70A9E6002E3FF4A7AEC9
:10D37000052392E60021442002B0BDE8F041F6F713
:10D3800047BA00BF7533002023013000B4530108B1
:10D3900073330020230130022302500010B50446ED
:10D3A0004420F6F715FA012804D12046BDE81040C4
:10D3B000FFF75ABE10BD000010B50B4CA1882068C5
:10D3C00003F076FC0021094803F0E3FE7620F6F72F
:10D3D000FFF981B2054803F0DCFEA1882068BDE8B2
:10D3E000104003F063BC00BFD42D0020003C00407F
:10D3F00010B50B4CA188206803F05AFC1021094895
:10D4000003F0C7FE7720F6F7E3F981B2054803F091
:10D41000C0FEA1882068BDE8104003F047BC00BFF3
:10D42000D42D0020003C0040084A094B117819B95E
:10D4300018600123137070471B68834204D00122D7
:10D44000044B1860044B1A70704700BF8D330020E6
:10D4500088330020843300208C33002013B58220D1
:10D46000F6F7B6F900230428CDE900331CD1134B9D
:10D470001B7813B1B6238DF80230114B6A46186839
:10D4800040F2852103685C680823A0470D4B1B7898
:10D4900043B10D4B6A46186840F2852103685C6809
:10D4A0000823A04702B010BD0128FBD143F6141396
:10D4B000ADF80230054B0193DFE700BF8E3300204B
:10D4C000883300208C330020843300208FFE0C1022
:10D4D000014B1870704700BF8E3300207047037AED
:10D4E00001200B7070474160002208464FF4C9715B
:10D4F000F9F767BE10B504468220F6F769F940B225
:10D5000008B90223237210BDB1F5C97F10D1136889
:10D510000A4A23F07F4393420BD002F598423D32F2
:10D52000934203D0064A934205D07047002303720A
:10D5300070470123FBE70323F9E700BF2D048000B8
:10D540007403800010B50C46002240F2DB11204627
:10D55000F9F737FE00224FF4EE712046F9F731FE5D
:10D56000002240F25B512046F9F72BFE002240F2E8
:10D57000BC512046F9F725FE00224FF4E171204608
:10D58000F9F71FFE2046BDE81040002240F2ED11E1
:10D59000F9F717BE0023F0B518460127072B08BF7F
:10D5A00000264FF0070418BFCE5C07FA04F232429F
:10D5B00014BF0122002245B202EB40006FF07A0254
:10D5C000C0B24240D2B230EA250028BF1046013C2A
:10D5D000EBD20133082BE1D1CB79181A18BF012007
:10D5E000F0BD00000000000040F25B53994270B5AE
:10D5F000144600F09E8012DCB1F5EE7F74D007DC9B
:10D60000B1F5E17F08D040F2DB1399421BD070BD29
:10D6100040F2ED139942FAD10222674B11E040F239
:10D62000BC53994200F0AD80B1F5B86F00F0B28004
:10D6300040F29E539942EAD15F4B1A78022AE6D013
:10D6400001221A70E3E71146FFF7A4FF0028DED19C
:10D65000637820785B0903EBC00004F023FF57498F
:10D66000054605F02FF920B12846554904F064FE1F
:10D6700005460720A678E478F6F7AAF80028C6D170
:10D680004FF07C51284604F061FF0546A00900EBED
:10D690008600400804F006FF044629469020F6F76D
:10D6A000C5F82046474905F0EFF818B12146892012
:10D6B000F6F7BCF82046444905F004F938B143496F
:10D6C000204604F039FE01462B20F6F7AFF821463C
:10D6D000284604F03BFF3E4904F0ECFF01468C2055
:10D6E000BDE87040F6F7A2B81146FFF753FF0028D7
:10D6F0008DD1A378E0789B0103F4707303EB900065
:10D7000004F0D0FE04F012FB29A3D3E9002304F0B7
:10D7100065FB04F0BDFD2E4904F018FF0446892086
:10D72000F6F75EF80146204604F0C4FF0146A42047
:10D73000D6E71146FFF72EFF00287FF468AF0720D9
:10D7400026786578F6F744F888B9A80900EB8600D2
:10D7500004F0A8FE04F0EAFA15A3D3E9002304F0CC
:10D760003DFB04F095FD01469420F6F75FF8A720F5
:10D77000637921799B0903EB8101BDE87040F6F7DD
:10D7800047B80D4B1B78002B7FF441AFD17899201F
:10D790002839F2E7084B1B78012B7FF438AF137858
:10D7A0009B09012B7FF433AF91784908EFE700BF65
:10D7B0009A9999999999B93F8F33002000C07F4475
:10D7C00000E0FF440000E143000048430000A041A6
:10D7D00000007A44704770474160FBF76BBA40F233
:10D7E000EE2388B2984238BF184641F64C5398420F
:10D7F00028BF1846FBF772BABD20F5F7FFBF08B582
:10D80000C820F5F7E5FF18B9BDE80840FBF766BA90
:10D8100008BD000008B5084B186899889B792BB1A2
:10D8200003F049FAB0FA80F0400908BD03F043FA6A
:10D83000003818BF0120F8E79C2D002010B50446E1
:10D84000808A04F02FFEA16B04F034FF10BD10B5E8
:10D85000044600226160084640F25511F9F7B1FC18
:10D86000002240F224416068F9F7ABFC002240F24C
:10D8700025416068F9F7A5FC60680022BDE810400A
:10D8800040F2BB71F9F79DBC38B540F2551399428F
:10D89000054614463BD11620F5F79AFF0A23584354
:10D8A0002861A08840BA80B204F0FCFD04F03EFA82
:10D8B00045A3D3E9002304F091FA04F0E9FCE862FF
:10D8C000B4F8010040BAC0F30B0004F01DFA424B5B
:10D8D000002204F083FA04F0DBFC05F013F8A0F555
:10D8E000FA7000B204F0DEFD2863E08840BA80B22E
:10D8F00004F0D8FD4FF07C5104F028FEA863237893
:10D9000003EB8303C3EB03139B00AB8238BD40F2F0
:10D91000244399421ED11079283804F0C3FD68626F
:10D92000E079283804F0BEFDA862A07804F0ECF994
:10D9300000222A4B04F052FA04F08AFCA875E07821
:10D9400004F0E2F90022254B04F048FA04F080FCD0
:10D95000E875DBE740F225439942D7D19379D07936
:10D960001B0203F48073184404F09CFD1C4904F06E
:10D97000E5FC1C4904F0EAFDE86120796379C00107
:10D9800000F4C07000EB5300643004F08BFD1549C7
:10D9900004F0DCFD2862237860781B0203F48073B6
:10D9A000184404F0B1F90AA3D3E9002304F016FAED
:10D9B00004F06EFC686323799B082B83E27803EB09
:10D9C00082132B83A2E700BF7B14AE47E17A643F4A
:10D9D0009A9999999999B93F0000D03F0000E03F8A
:10D9E0000000C84200002041036937B5002BC4BFC6
:10D9F00003F1FF33036104468220F5F7E9FE08B323
:10DA00002D4B2E4A8220CDE90023F5F7E1FE0428B4
:10DA100004BFD9238DF80730A3686068042BC2BF08
:10DA20005D238DF804308DF8063003686A465D6822
:10DA300040F223410823A847A36801330B2BA8BF5A
:10DA40000023A360E1699520F5F7F0FE216A962096
:10DA5000F5F7ECFE616A9A20F5F7E8FEA16A9B20D3
:10DA6000F5F7E4FE616B9220F5F7E0FEE16A9420A1
:10DA7000F5F7DCFEA06B124904F05EFC01462B209A
:10DA8000F5F7D4FE218BA620F5F7C2FE23682046C9
:10DA90009B68984704F036FF0146A420F5F7B8FECE
:10DAA00023699020002BD4BF0021216B03B0BDE877
:10DAB0003040F5F7BBBE00BFB280B2D8071D0002F0
:10DAC0000000F0418272704710B50446084604F029
:10DAD00019FF607210BD38B50C4605460846FFF7C1
:10DAE000A3FC20466C600022BDE838404FF466710C
:10DAF000F9F767BB837A37B50546A3B30023204AFD
:10DB0000EB20CDE90023F5F763FE95F9093040B22B
:10DB10005A1F9042287210DB40F2DC549842A8BF92
:10DB200000245520F5F754FE80B2A04208D240F2FE
:10DB3000DB5398421DD8002409E040F6B834F0E7E2
:10DB400040F6B8339C4210D1A2238DF80230214612
:10DB5000ED20F5F75DFE68686A4603684FF4C4710E
:10DB60005C680823A04703B030BD40F2DC539C4200
:10DB7000E1D1322340F2DC548DF80230E7E700BFF8
:10DB80000350004D10B5C1780379044651EA0302F1
:10DB900008D099424FF0EB0034BFA3F12801283997
:10DBA000F5F736FEA379092B05D10021BDE8104019
:10DBB000EC20F5F72DBE8820F5F70AFE0146F5E7C3
:10DBC000B1F5667F02D11046FFF7DCBF7047000059
:10DBD000014B1860704700BF903300200023F0B560
:10DBE0000127C371441EC61D072214F8015F07FAFE
:10DBF00002FC1CEA050F14BF4FF0010C4FF0000CA3
:10DC00004FFA83FE0CEB4303DBB281EA030C33EAE9
:10DC10002E0328BF6346013AE9D2A642E4D1C3717C
:10DC2000F0BD00002DE9F34705468220F5F7D0FD51
:10DC3000854B80461B78002B00F0E58004280BBF45
:10DC40008022402201214E210024804E8DF80120A7
:10DC500033787F4A013303F003038DF8001012F884
:10DC6000131002EB430252787A4F68468DF8031086
:10DC7000852133708DF804208DF806308DF8024030
:10DC80008DF80540FFF7AAFF38686A4603684FF42D
:10DC90008D71D3F804900823C847B8F1010F40F004
:10DCA000B58005F500639BB2B3F5805F80F0B0806E
:10DCB0002C12C5F3061324F07F041C432D0147F2F8
:10DCC000F703ADF800303378B8F1040F4FEA83134F
:10DCD00043F007038DF804304FF044038DF805300E
:10DCE00014BF3023E023852168468DF802408DF86B
:10DCF00003508DF80630FFF771FF38686A460368F5
:10DD00004FF4EA715C680823A0478820F5F760FDAE
:10DD100085B23D20F5F75CFD8146A420F5F758FD5E
:10DD200000FB05F43E20F5F753FDA4B2A0424FF0EE
:10DD3000640A6FDA3E20F5F74BFD90FBFAF4544489
:10DD4000B8F1040FE4B2DFF8108167D064238DF8D6
:10DD5000013088F800304AF62043ADF802304FF425
:10DD60007053ADF80430337830228DF806308F23AD
:10DD700038688DF800208DF8073003686A465C68C3
:10DD80004FF4F9710823A047344C2378002B3AD084
:10DD90009020F5F71DFDC0F39C038DF800306B0853
:10DDA0008DF8023040238001ADF80430ED01337866
:10DDB00085218DF8010045F02B0568468DF803504C
:10DDC0008DF80630FFF70AFF38686A46036840F2AC
:10DDD000DB115D680823A8472378A3B1204B852178
:10DDE00000930023ADF80430337868468DF8063090
:10DDF000FFF7F4FE3C686A4623684FF4EE715D68F5
:10DE000020460823A84702B0BDE8F08725464FE723
:10DE1000254654E7B4FBFAF4643491E74220F5F761
:10DE2000D7FC002892D11FFA89F94D4503D398F801
:10DE30000030013B8BE7642C234638BF6423A02BC2
:10DE400028BFA02383E700BF993300209833002028
:10DE5000045501089033002096330020E02500206F
:10DE6000A00A05D5F7B58220F5F7B2FC04460620D6
:10DE7000F5F7AEFC043818BF0120434D434E2B7814
:10DE80003070002B4AD0002C60D0414D414C2B7893
:10DE90002068013303F003032B703F4B6A46009365
:10DEA0000023ADF804308DF80630036840F20B51C2
:10DEB0005F680723B8473378002B45D0374B684657
:10DEC00000934CF2DF03ADF804302B78852143F04A
:10DED00010038DF80630FFF781FE20686A4603685C
:10DEE00040F25B515D680823A84718232C4A20683C
:10DEF000CDE9002303686A465D6840F29E5108231D
:10DF0000A8472849284B2068CDE9001303686A46D2
:10DF10005C6840F2BC510823A04715E08620F5F765
:10DF200057FC012801BF6422204B28701A80042C62
:10DF300001D0012C05D1012364222B701B4B1A80C8
:10DF4000A3E72B78002B9ED103B0F0BD174A1388AE
:10DF5000B3B9214686202C70F5F75AFC0D4B00947E
:10DF60001868ADF804408DF8064003686A465C689E
:10DF700040F20B510723A0472B78002B85D1E3E714
:10DF8000013B138081E700BF99330020E02500208A
:10DF90009733002090330020000006C0A440AA0060
:10DFA00000000C763D80F064B00100329433002014
:10DFB00010B5044600226160084640F29321F9F74B
:10DFC00000F960680022BDE8104040F25131F9F7D5
:10DFD000F8B8000037B50446C820F5F7F9FB00286B
:10DFE00000F092806B466B4A106851686A4603C322
:10DFF000606840F2133103685D680823A84723690D
:10E00000A169002BC4BF03F1FF3323616369E06999
:10E01000002BC4BF03F1FF33636104F08DF9216B62
:10E02000A062606A04F092FA5B4904F043FB5A492B
:10E03000E062606B04F08AFA584904F03BFB94F903
:10E040002130E06394F92000184404F02BFA4FF0DB
:10E050007C5104F07BFA236860649B6820469847F3
:10E060000146A420F5F7E2FB2369012B53DD95203F
:10E07000A169F5F7DBFB9620E169F5F7D7FB9A205C
:10E0800094F92010F5F7C4FB9B2094F92110F5F7C3
:10E09000BFFB8920616AF5F7C9FB4149606A04F05A
:10E0A0004BF901462B20F5F7C1FB9720A16AF5F744
:10E0B000BDFB8C20E16AF5F7B9FB9020216BF5F7E9
:10E0C000B5FB9920616CF5F7B1FB6369012B53DD5A
:10E0D000A16CA720F5F7AAFB616AA06C04F036FAE0
:10E0E0000146A620F5F7A2FB4F20A46CF5F778FBBC
:10E0F0000146204604F0C8FB002848D00A2003B09F
:10E10000BDE83040F9F70EBECE20F5F761FB0028E0
:10E110007FF468AF73E70120F9F704FE0021952032
:10E12000F5F784FB00219620F5F780FB00219A206B
:10E13000F5F76EFB00219B20F5F76AFB0021892093
:10E14000F5F774FB2920F5F74BFB01462B20F5F77B
:10E150006DFB00219720F5F769FB00218C20F5F776
:10E1600065FB00219020F5F761FB00219920F5F770
:10E170005DFB0021A620A6E70021A720F5F756FBAE
:10E180000021A62003B0BDE83040F5F74FBB03B037
:10E1900030BD00BF2855010800007A44CD0C8743EC
:10E1A0000000704138B540F2932399420446154669
:10E1B00060D11378023B0D2B1AD8DFE803F0072556
:10E1C000343B1919191919191919194E688804F0CD
:10E1D00069F92F4904F0BAF960622B7995F90500C5
:10E1E00043EA002004F05EF9294904F0AFF9206306
:10E1F0002B78052B07D81620F5F7EAFA00EB8000FC
:10E200004000C0B2206138BD688804F04BF9214954
:10E2100004F050FAA061E88804F044F91D4904F0C4
:10E2200049FAE061E4E7AB7880F82030EB7880F8D9
:10E230002130DDE7687804F035F92064688804F05F
:10E2400031F9134904F082F96063A88804F02AF9CF
:10E250000F4904F07BF9A063CAE7688804F022F94B
:10E26000A0641620F5F7B4FA00EB80004000C0B2BD
:10E270006061BDE740F251339942C4D1064B8360DF
:10E28000107904F00FF9024904F060F9E060BAE790
:10E29000CDCCCC3D000020410000C84238B5036918
:10E2A0000446002B01DC002038BD2049C06904F081
:10E2B00001FA05464920F5F793FA0146284604F08D
:10E2C00001FB0028EFD11949A06904F0F3F90546D4
:10E2D0004820F5F785FA0146284604F0D5FA0028CB
:10E2E000E1D194F9210004F0DDF805464C20F5F762
:10E2F00077FA0146284604F0E5FA0028D3D194F9CC
:10E30000200004F0CFF805464B20F5F769FA0146E6
:10E31000284604F0B9FA0028C5D14FF07C51A06816
:10E3200004F0B2FAB0FA80F04009BDE700007A4488
:10E3300010B50446FFF7B2FF08B1A06810BD002079
:10E34000FCE708B5B0F9160004F0ACF808BD08B554
:10E35000B0F9100004F0A6F808BD08B5B0F9140033
:10E3600004F0A0F808BD08B5B0F9120004F09AF85E
:10E3700008BD007E7047704710B5044600226160FA
:10E38000084640F20711F8F71CFF00224FF4937182
:10E390006068F8F716FF002240F215316068F8F760
:10E3A00010FF002240F25A316068F8F70AFF6068F7
:10E3B0000022BDE810404FF48C71F8F702BF000056
:10E3C000B1F5937F38B50546144647D008DC40F2D6
:10E3D000071399421BD0B1F58C7F00F0AF8038BD98
:10E3E00040F21533994274D040F25A339942F6D133
:10E3F000537803F00503002B40F0AF80D17801F093
:10E400000A01C91A18BF0121C9003B2092E0B2F9E4
:10E41000050004F047F8524904F098F804F072FA45
:10E4200001B26982A920F5F7F3F92379E2781B029A
:10E4300003F4F8531A436FEAC24013F4805F6FEAA3
:10E44000D04008BF104604F02DF8014603F076FFD7
:10E45000BDE838400146AB20F5F7E8B953781078AD
:10E460001B0203F440731843A88204F01BF8014612
:10E470008B20F5F7DBF9B5F9140004F013F8014629
:10E480008820F5F7D3F9A37860785B0103F47873FB
:10E4900043EAD00004F006F80146A8629120F5F79F
:10E4A000C5F9B5F9140003F0FDFFA96A04F04EF8B0
:10E4B0002C4904F0FFF8014628628D20F5F7B6F9E3
:10E4C0001520F5F785F900EB80004000C0B2E86246
:10E4D00085E7D3791278022A0DD162785AB9A278E9
:10E4E0004AB9E2783AB922792AB962791AB9A27995
:10E4F0001A433FF474AFDB073FF571AF6378002B2D
:10E500003FF46DAFA17800293FF469AF2379002B68
:10E510003FF465AF283909B2B420E982F5F778F9FC
:10E520006178B520283909B22982F5F771F9B3204D
:10E5300021792839BDE83840F5F76AB99178BE20CD
:10E54000C1F3C101F5F764F9A378C1205B0985F82F
:10E550003030E178C1F38001ECE7082155E700BFD6
:10E560006666663F00007A4473B50646C820F5F734
:10E570002FF930B11C4A13780133DBB2042B02D8D7
:10E58000137002B070BD0025BE201570F5F736F986
:10E590000446B220F5F71CF930F0020304D196F8D6
:10E5A0003050033D18BF0125104944EA45000B785F
:10E5B0000F4C03F00F02C0B28DF804008DF8052057
:10E5C00080F0FF00205C01334240A25C03F00F03A7
:10E5D0008DF806200B707068032340F2012101AA18
:10E5E000F6F716FDCDE700BFA1330020A0330020D1
:10E5F00068550108054B0360002303624362836290
:10E600000023C362072380F8303070473855010873
:10E6100013B50446B220F5F7DBF830F0020323D13E
:10E62000B4F91230002BB8BF5B429BB2142B19D83F
:10E6300003220E2394F83010914213D00022CDF81B
:10E6400003208DF80720BE228DF80120EF228DF8DF
:10E6500000308DF8022008236A4640F29761606816
:10E66000F6F7D6FC02B010BD012804D00130DFD18E
:10E6700002220F23DEE704220D23DBE7C36AF7B58E
:10E68000002B064600F3BA80002400250320F9F78A
:10E6900049FB29468B20B482F5F7C8F8B6F9140077
:10E6A00003F000FF01468820F5F7C0F829469120C5
:10E6B000B562F5F7BBF82146A9207482F5F7A8F8F2
:10E6C0002946AB207562F5F7B1F82146B420F482F3
:10E6D000F5F79EF82146B3203482F5F799F88220A9
:10E6E000F5F776F80128044602D13046FFF790FF8F
:10E6F000494F3B68042B7CDD0023012C3B6078D123
:10E700003320F5F76DF80446A120F5F769F80146C6
:10E71000204604F0B9F8002876D03320F5F760F8E9
:10E7200005463420F5F75CF80446A020F5F758F8C4
:10E730000146204604F0A8F8002867D03420F5F7F9
:10E740004FF84FF07E510446284604F0BBF828B13C
:10E750002846324904F098F8002859D04FF07E51ED
:10E76000284604F0AFF808B94FF07E554FF07E51BF
:10E77000204604F0A7F828B12046284904F084F880
:10E78000002847D04FF07E51204604F09BF808B98E
:10E790004FF07E5429468E20F5F748F82846204948
:10E7A00003F0D4FE4FF07C5103F0C8FD04F0D0F824
:10E7B00000210546204604F067F808B104F1004442
:10E7C0000023174920466DBA0193ADF8005003F0BD
:10E7D000BDFE4FF07C5103F0B1FD04F0B9F840BA32
:10E7E000ADF8020008236A4640F296617068F6F7B9
:10E7F0000FFC3B6801333B6003B0F0BD013BC362DB
:10E80000002B7FF46CAF3FE7A12087E7A02096E7BD
:10E81000024DABE7014CBDE79C3300200080224451
:10E820000000C84200224FF46671F8F7CABC00002D
:10E83000054A1368002B02DC0520F9F773BA013B87
:10E840001360002BF8D07047AC33002008B51420BB
:10E85000F4F7BEFF00EB8000024B4000C0B218602E
:10E8600008BD00BFAC330020B0F5667F02D108467A
:10E87000FFF7ECBF7047000073B505460E46204C0D
:10E8800088B1002323601F4C23680133092B2360C8
:10E8900015DD39238DF80430052D19D8DFE805F092
:10E8A000112A24112A2AC820F4F792FF0128E8D05F
:10E8B0002368642B03DC0133652B2360E3D102B0B2
:10E8C00070BD03238DF8053040F20333ADF80630F8
:10E8D000336840F297315D68042330460DEB030244
:10E8E000A84700232360EAE702238DF8053040F2B1
:10E8F0000233EBE703238DF8053040F20223E5E70E
:10E90000A4330020A83300202DE9F84F074689469C
:10E9100001681046904603F00FFD0021044603F005
:10E92000B3FF08B104F100444FF0010B002657F883
:10E930002B10404603F000FD0021054603F0A4FF24
:10E9400008B105F100452146284603F09DFF08B1B6
:10E950002C465E460BF1010BD945E8D13046BDE8A7
:10E96000F88F00000023F0B5DFF83CC00F4FDFF850
:10E9700040E003F10F060BE054F8045B0132052A76
:10E9800040F8045B41F8045BF6D10533B34207D08D
:10E99000002207EB83040CEB83000EEB8301EBE713
:10E9A0004B2BE6D1F0BD00BF403500206856010872
:10E9B0001434002010B5044601F070FF6300C3F565
:10E9C000FF3303F5FB731844800210BD2DE9F74FA8
:10E9D00006460D460068114617469A46DDF8349003
:10E9E00003F066FF50B100230C9ACAF800301360A0
:10E9F0000023C9F8003003B0BDE8F08F05F1804373
:10EA0000013B394656F8230003F048FF38BB032D7D
:10EA10000CBF4FF002084FF004083546044655F885
:10EA200004BF38465946019403F038FF0134019B76
:10EA3000D8B10C9ACAF80030146056F82340384612
:10EA4000214603F079FC21460546584603F074FC44
:10EA50000146284603F02EFEC9F80000CBE70C9BC8
:10EA6000013DCAF800501D60C2E7A045D7D1C2E7FA
:10EA70002DE9F04F16461C4693B00FAB01930AAB3D
:10EA800005460A465F480521009309ABFFF79EFF44
:10EA900010AB01930CAB324603215B4800930BABE8
:10EAA000FFF794FF11AB01930EAB224605215748A7
:10EAB00000930DABFFF78AFFDDF844800B9B4146C6
:10EAC0004FF07E5003EB830B03F036FC099C0A9A4F
:10EAD0000C9BC2EB0212C4EB041402EB0B0104EB1F
:10EAE0000B0ADDF840B003EB830381461C4405911B
:10EAF000D31859464FF07E50049303F01DFC0D9F30
:10EB00000F9B0690039307EB0A0355F82310484622
:10EB100003F01CFD0E9E0790B24455F82A104046A3
:10EB200003F014FD0146079803F008FC069903F072
:10EB30000DFD3B1955F823108246484603F006FDAB
:10EB4000344455F824100790404603F0FFFC01467A
:10EB5000079803F0F3FB594603F0F8FC01465046D2
:10EB600003F0ECFB039904464FF07E5003F0E4FB06
:10EB70000146204603F0EAFC059B0446FB1855F8C5
:10EB80002310484603F0E2FC059B8246F31855F833
:10EB90002310404603F0DAFC0146504603F0CEFB5A
:10EBA000069903F0D3FC049B82461F4455F82710B6
:10EBB000484603F0CBFC049B07461E4455F826103C
:10EBC000404603F0C3FC0146384603F0B7FB594604
:10EBD00003F0BCFC0146504603F0B0FB039903F080
:10EBE000B5FC0146204603F0A9FB4FF082410446E4
:10EBF00003F04AFE20B14FF0824013B0BDE8F08F21
:10EC00002046FAE7B4570108A857010894570108AD
:10EC100038B505462B78084633B14FF6FF726B883E
:10EC2000934202D100232B7038BD01339BB2B3F560
:10EC3000167F6B80F6D8696803F07EFB00210446DE
:10EC400003F022FE08B104F100444FF08041204659
:10EC500003F038FE0028E5D1E6E7000002680B4B20
:10EC600010B59A4204460ED10389012B0BD101F055
:10EC7000F9FD4E21204601F003FED4F838311B1A6D
:10EC80005842584110BD0020FCE700BF464645529F
:10EC90002DE9F04F664BD7B01C68002CC0F2BA804B
:10ECA000644B1E68042EC5BFB4FA84F400260136F6
:10ECB00064092046FFF77EFE05902046FFF77AFEA6
:10ECC0004FF4A07303FB0605E9182A464FF0FF3303
:10ECD00052F8040B8A4203EA0003F9D1013300F031
:10ECE0009C802046FFF766FE01230546002602931E
:10ECF00000230DF11C08424619460133B3F59E7FEF
:10ED000002F8011BF9D14C4B4FF00009C8F8003054
:10ED10004A4BDFF82CA11B6808F10A0B0133C8F835
:10ED200004300123C8F80830464B0393464B049344
:10ED300000230193039B494653F8047B3846039311
:10ED400003F0A2FD00286DD15146384603F0BAFD0C
:10ED5000002865D050463D4903F0F8FB4FF07C5148
:10ED600003F0ECFA03F0F4FD049B2BF8020F53F8C8
:10ED7000047B49463846049303F086FD002855D1AC
:10ED80005146384603F09EFD00284DD050462F498D
:10ED900003F0DCFB4FF07C5103F0D0FA03F0D8FD18
:10EDA000019BABF8960001334B2B0193C2D101F0CC
:10EDB00059FD4E2107A801F063FD559001F088FF31
:10EDC00072B601F013FF022001F006FF029B23B18F
:10EDD00001F07EFF059801F0C5FE0027E81958F8FC
:10EDE000041B043701F01CFFB7F59E7FF6D101F03C
:10EDF00009FF62B601F06CFF2846FFF72FFF30B124
:10EE00000E4B6A681A600A4B1C600A4B1E6057B0B2
:10EE1000BDE8F08F002634464BE70023029367E7F6
:10EE2000384698E7484696E73846B0E74846AEE7A2
:10EE3000F0330020EC33002046464552F4330020E6
:10EE400033CBCC4540350020143400200000204155
:10EE500010B50A4C237883B18220F4F7B9FC01285D
:10EE60000BD0042809D00022054B2270197821B15B
:10EE7000BDE810401A70FFF70BBF10BDF83300203B
:10EE8000F93300202DE9F04F95208BB0F4F7A8FC62
:10EE900005469620F4F7A4FC7E498346284603F0F5
:10EEA00011FD20B128467C4903F050FB0546584629
:10EEB000784903F007FD20B15846774903F046FB37
:10EEC00083464FF07C51284603F0FCFC00287FD09D
:10EED0004FF07C51584603F0F5FC061E18BF012682
:10EEE0004720F4F77DFC06904A20F4F779FC079060
:10EEF0009A20F4F775FC04909B20F4F771FC0290C3
:10EF00009920F4F76DFC03909420F4F769FC0090CD
:10EF10009020F4F765FC0021044603F0B5FC0028BE
:10EF200058D004F100478920F4F75AFC4FF07E5185
:10EF300003F0AAFC10B18820F4F752FC3C20F4F74F
:10EF40004FFC0023002E47D11C4618460525534F81
:10EF5000534A1760534A1760534A1360DFF84C81D5
:10EF6000534EC8F80040534C39463060A12025600C
:10EF7000F4F75CFC4B4BA0201968F4F757FCA22077
:10EF8000D8F80010F4F752FCA3203168F4F74EFCD7
:10EF9000454BA5201968F4F749FCA8202168F4F72F
:10EFA00037FC8220F4F714FC434B1A68012A01D085
:10EFB000042A09D1012807D0042805D03F4A127835
:10EFC00012B101213E4A117018600BB0BDE8F08FFC
:10EFD000064685E72746A6E7304903F0B7FA3949E0
:10EFE00003F068FB009901903748FFF711FE009984
:10EFF0003648FFF70DFE4FF08241384603F044FCDF
:10F00000334A002844D01388132B3BD900234FF0F8
:10F0100001082D4E00217380009B204686F8008059
:10F020007360B560C6F80CB0376103F04BFC002884
:10F0300018BF40463075274B1E88DEB1264B204650
:10F04000D3F80080414603F01FFC00B9A046234BD3
:10F050002046D3F80090494603F034FC00B9A1469D
:10F060004946404603F068F94FF0824103F02AFC1C
:10F07000002835D00122194B1C60174B1C60154B22
:10F080001A803FE001339BB2142B1380D3D1BDE72C
:10F090001080D0E7000020416F12833A00007A44CC
:10F0A000103400200C3400200834002004340020E8
:10F0B00000340020FC330020E4250020F933002038
:10F0C000F8330020CD0C8743D4330020BC3300201C
:10F0D000BA330020B8330020B0330020B43300200E
:10F0E000A04BC3F80090A04BC3F800804FF6FF730D
:10F0F0009E4240F09E8138469C4903F0C5FB0028A3
:10F1000000F09F810021204603F0BEFB002800F0A4
:10F11000AE8204F100499649069803F017FA944923
:10F120000590079803F012FA4FF07E51089001986D
:10F1300003F0C8FB002800F09D823846019903F0D7
:10F14000B9FA07462846069903F0F6F80021054665
:10F1500003F0B8FB002840F090823B46009A0399E8
:10F160008448FFF785FC002680460125824B5946DE
:10F17000C3F80080079803F0DFF80021804603F011
:10F18000A1FB002800F0A9820021204603F09AFB91
:10F1900000B900244046764903F0D8F94FF003083F
:10F1A00006903B46009A03997448FFF761FC744946
:10F1B00003F0CCF90146069803F07CFA214603F0EF
:10F1C000BDF84FF07E518146019803F07BFB20B1E2
:10F1D0004846019903F06EFA0746B8F10108E0D1FC
:10F1E0004946089803F0B2F9664903F063FA044609
:10F1F0004C20F4F7F5FA80465020F4F7F1FA074670
:10F200004D20F4F7EDFA6049824603F097F8014685
:10F21000404603F039FB20B140465B4903F08CF8CF
:10F2200082464E20F4F7DCFA5749814603F086F80F
:10F230000146404603F028FB20B14046524903F006
:10F240007BF881465146029803F03CFB00282AD007
:10F250004146029803F02CFB002840F042825146C0
:10F26000029803F069F831468346384603F064F8A3
:10F270000146584603F06AF951468346404603F07A
:10F280005BF80146584603F015FA314603F056F88C
:10F2900082465146304603F0F7FA00B1B246002DDF
:10F2A000564608BF03254946029803F00BFB40B3BE
:10F2B0004146029803F0FCFAC8B94946029803F0A7
:10F2C0003BF821468246384603F036F80146504660
:10F2D00003F03CF949460746404603F02DF8014645
:10F2E000384603F0E7F9214603F028F80746394687
:10F2F000204603F0C9FA00B12746002D3C4608BF5E
:10F3000003254B20F4F76CFA07460146049803F0F6
:10F31000BBFA002846D01D49384603F00DF8804658
:10F320000146049803F0BAFA002840F0DC8139461F
:10F33000049803F001F821468146002002F0FCFF0A
:10F340000146484603F002F939468146404602F03C
:10F35000F3FF0146484603F0ADF9214602F0EEFF07
:10F36000074615E0B4330020B033002000007041A0
:10F370000000924240350020083400201434002060
:10F380006F12833A00007A44CDCCCC3D0000A040FF
:10F390003946204603F078FA00B12746002D3C4656
:10F3A00008BF04250021304603F08CFA00B900267E
:10F3B00000212046374603F085FA00B90024DFF823
:10F3C00080913046D9F80010A04603F05DFA58B994
:10F3D0005C49D9F8000002F0B1FF0746014630460B
:10F3E00003F052FA00B13746574E20463168C9F84B
:10F3F000007003F049FA50B95249306802F09EFF9C
:10F4000080460146204603F03FFA00B1A046384648
:10F410004E49C6F8008003F099F8059903F04AF9BF
:10F420004A490446404603F091F8089903F042F92E
:10F4300094E50136B6B2464B0E2E1E803FF65BAE0B
:10F4400060E60021204603F03DFA031E18BF0123A9
:10F45000404E05933378002B51D0337D059A93426B
:10F460004DD13169384602F067FF002180462046C1
:10F4700003F028FA00283BD05846F16802F05CFF00
:10F4800000210646404603F0FFF9002833D008F17A
:10F4900000494846304903F00BFA00282FD00021DC
:10F4A000304603F0F1F940B306F1004A50462B49CB
:10F4B00003F0FEF918B33146404603F047F8002147
:10F4C00003F000FAD8B12649504603F03FF81F492F
:10F4D00003F03CF8494603F0EDF84FF07E51064644
:10F4E000019803F0EFF900283ED14FF07C5940E03D
:10F4F0002946B068C2E7C146CBE7B246D6E7194E07
:10F500003378002B00F0A2800021204603F0DAF9C6
:10F5100098B15846F16802F00FFF1049064603F013
:10F52000C7F9002800F092800D49304603F00EF82C
:10F53000064903F00BF83946CDE72946B068EAE7FB
:10F54000103400200000A0400C34002000007A4459
:10F55000B8330020BC3300200000C8410AD7A33BC9
:10F5600000009242D43300203846019903F0A2F8FB
:10F5700081460021204603F0A5F95C4A5C4B4FF020
:10F580008241002814BF92469A46304603F07CF927
:10F5900000285BD13046574903F094F9002855D133
:10F5A0000521039A5448FFF7AFF90321009AC0EBF5
:10F5B00000185248FFF7A8F94A460521089050481C
:10F5C000FFF7A2F9089B4F4903EB8303984440449B
:10F5D0005AF820800AEB8009404602F0B7FF314616
:10F5E00003F052F9002831D14649404603F062F851
:10F5F000314603F067F948BB4349404602F0A6FF95
:10F6000042498246304602F0A1FF0146504602F0D0
:10F6100095FE4FF08241064603F054F920B1304682
:10F62000344903F031F900B34FF08241304603F022
:10F6300049F908B94FF082463146404603F01AF9BD
:10F6400020B90122324BC9F800601A700122314BF7
:10F6500000991A700022596005995A809D60C3F87C
:10F660000CB01F6119752C4B0AE5224EE4E74FF0F0
:10F67000000950E54FF07C5764E52846274902F021
:10F6800065FF03253B460690009A039918480993A5
:10F69000FFF7EEF92249804602F058FF014606982E
:10F6A00003F008F8494602F049FE4FF07E51064645
:10F6B000019803F007F9099B20B13046019902F047
:10F6C000F9FF0346013DDFD13146059802F03EFFC8
:10F6D000144902F0EFFF064648E50024C5F1020593
:10F6E00086E5BA46D5E5002752E600BF143400206F
:10F6F000403500200000FA44B4570108A85701081B
:10F7000094570108000040403333733FCDCC4C3D4B
:10F71000F9330020BC330020B833002000009242AF
:10F720006F12833A00007A442DE9F84F0024FFF766
:10F7300019F94FF0FF3327464FF4A07ADFF8D48051
:10F74000DFF8D490DFF8D4B0C8F80040C9F8003032
:10F75000CBF8003000253846FFF72CF90AFB0506E8
:10F760003046FFF77BFA80B1D9F800307268002B81
:10F7700004DBD8F80030D31A002B06DD3446C8F875
:10F780000020C9F80070CBF800500135062DE2D1F9
:10F790007B1C022B4FF00107DCD1ECB1DFF880803D
:10F7A000204E214F04F10A05A03435F8020F02F073
:10F7B00075FE394602F0CAFE48F8040BB5F896000B
:10F7C00002F06CFE394602F0C1FEA54246F8040B79
:10F7D000EBD10022154B1A7000234FF0FF31144A71
:10F7E0001370144A1160144A1370144A1370144AA7
:10F7F0001380144A13800023134A1360134A1360C2
:10F80000134A1360134A13600522134B1A60BDE8B4
:10F81000F88F00BFF4330020F0330020EC330020D9
:10F820004035002014340020CDCCCC3DF9330020ED
:10F83000F8330020E4250020D4330020BC3300201E
:10F84000BA330020B8330020103400200C340020DC
:10F850000434002000340020FC330020404B2DE90C
:10F86000F04F1C783F4B8BB01D680646284603F0CE
:10F8700049F83D4B07461B684FF00008049302F01F
:10F8800011FE0146284602F057FD384902F05EFE9F
:10F8900003F038F8CDE90270354BE4B201941B68EF
:10F8A000344A0093344B126830461B683349F4F7EE
:10F8B000F3FDDFF8CC90334A30463349F4F7ECFDE2
:10F8C00000253C24C5EB051707F10F0306932F4BCA
:10F8D00004FB059453F82530DFF8B4A007935AF8D9
:10F8E000040B03F00FF88346079803F00BF85B4610
:10F8F000024628493046F4F7CFFD04F1140B54F8C2
:10F90000043B1846099302F0FDFF089002F0CAFD7F
:10F910000146099802F010FD144902F017FE02F0AA
:10F92000F1FF089A03461C493046F4F7B5FD5C45E3
:10F93000E5D130461949F4F7AFFD069B05379F42E4
:10F94000CDD10135052DBCD1154ADFF85890B8F15D
:10F95000000F02D00BB0BDE8F08F4FF00108ABE70D
:10F96000F933002008340020FC330020000020413F
:10F97000EC330020F4330020F0330020ED45010883
:10F9800040350020E345010823460108B45701082B
:10F99000A85701084A460108584601088145010850
:10F9A000E64501081434002008B5FEF7DBFF01230B
:10F9B000024A1370024A137008BD00BFF9330020D9
:10F9C000F83300207047704770474160704700006F
:10F9D0002DE9F3410446C820F3F7FAFE002857D07A
:10F9E0005420F3F7F5FE022855D15F20F3F7F0FE1F
:10F9F00007466020F3F7ECFE06466120F3F7E8FEC9
:10FA000005B2DD20F3F7E4FE8046DE20F3F7E0FEEA
:10FA1000002D45DD4FF4B462C8EB0818C7EB07179B
:10FA200000EB880306EB87061BB236B29B1B03F57F
:10FA3000B46393FBF2F102FB11331BB29D42D4BFBE
:10FA400000230123002000228DF801008DF8020020
:10FA500099208DF800208DF80330F3F7C1FE12498C
:10FA600002F06CFC02F074FF8DF80400B420F3F790
:10FA7000B7FE0D4902F062FC02F06AFF8DF8050046
:10FA800060686A4603684FF4DC615C680623A0473F
:10FA900002B0BDE8F081431E584258410023D2E72E
:10FAA00000231846CFE700BF000020422DE9F843AD
:10FAB0002249804602F0F2FE002839D14046204912
:10FAC00002F0F6FE002835D11E4D04462E4635F8CC
:10FAD000029F2746484602F0E5FC014640460134B5
:10FAE00002F0F0FE0028F2D136F81760164D3046CD
:10FAF00002F0D8FC0146404602F01EFC8046A9EB0D
:10FB0000060002F0CFFC0146404602F0D3FD55F856
:10FB100027700646394655F8240002F00DFC0146D0
:10FB2000304602F013FD394602F008FCBDE8F883C8
:10FB30000020FBE74FF07E50F8E700BF00002F45A4
:10FB4000004083454C580108EC570108F0B587B0D8
:10FB50000021102202A802F01BFF294B5120019323
:10FB6000F3F73EFE02905220F3F73AFE254B039046
:10FB70001C680021204602F09BFE28B14FF07E5108
:10FB8000204602F08BFE00B91F4C049400F06AFE80
:10FB900004210DEB010000F073FE059000F07EFEE5
:10FBA000074601F095F872B601F020F8022001F046
:10FBB00013F801F08DF81548154E3818800206EB41
:10FBC000872600F0CFFF05256FF0030701AC07FB88
:10FBD000056054F8041B01F023F8013DF7D101F052
:10FBE00011F862B601F074F8029A0A4B1A60039A8F
:10FBF000094B1A60094B049A1A6007B0F0BD00BFA8
:10FC0000534F4334F0250020000080BFF2FF410035
:10FC100014C8FF07703600206C360020E82500204D
:10FC2000822038B5F3F7D4FD012839D0042837D025
:10FC30005120F3F7D5FD05465220F3F7D1FD194BBE
:10FC400004461968284602F077FB01F09BFD4FF04F
:10FC50007C5102F023FE18B9BDE83840FFF776BFAB
:10FC6000114B2046196802F067FB01F08BFD4FF045
:10FC7000804102F013FE0028EED00C4B00211C68DE
:10FC8000204602F001FE58B9094B2046196802F0DF
:10FC900053FB01F077FD074902F000FE0028DBD09E
:10FCA00038BD00BF703600206C360020F0250020E3
:10FCB000E825002017B7D1382DE9F74F8220F3F758
:10FCC00087FD01288246A24B01D004280CD11A6876
:10FCD000012A09D0042A07D000219E4A11709E4AA9
:10FCE0001088952898BF11809520C3F800A0F3F7DD
:10FCF00077FD9A49044602F0C7FD20B12046974996
:10FD000002F024FC04462046954902F0BDFD00287F
:10FD100040F027822046934902F0D4FD002840F0AD
:10FD200020824820F3F75CFD8C4902F00FFCFFF7BE
:10FD3000BDFE05464920F3F753FD884902F006FC55
:10FD4000FFF7B4FE294602F0F7FA8749064602F0AB
:10FD5000B9FD18B1854B1D60854B1E605120F3F72E
:10FD60003FFD80469020F3F73BFD824E0746356805
:10FD70000021284602F09CFD4FF00009002832D0F7
:10FD800040467D4902F094FD68B37C49384602F054
:10FD9000DDFB7B4902F08EFC4146019002F08AFCBB
:10FDA000294602F0CBFADFF8DCB105460199DBF811
:10FDB000000002F0C1FA4FF07E51CBF80000284657
:10FDC00002F062FD30B14946284602F07BFD002872
:10FDD00000F0B1814FF07E51284602F055FD08B980
:10FDE0004FF07E553560384601F0CCFC664902F094
:10FDF0004BFD594D002800F0A0812B88952B01D890
:10FE000001332B80A520F3F7EBFC6049834602F019
:10FE10004FFD002800F0958158465D4902F03EFDF7
:10FE2000002800F08E815946384602F08FFB594970
:10FE300002F040FC0146204602F07EFA014698207E
:10FE4000F3F7F4FC2B88952B63D9424B1B78002BDE
:10FE50005FD12046FFF72AFE00210446306802F0F9
:10FE600013FD002840F06F814B49306802F06EFBB3
:10FE70004A490546204602F069FB0146284602F041
:10FE80005DFADFF81CB1474D9BF800303060002B65
:10FE900035D02146286802F04FFA4FF07A51019090
:10FEA00002F006FD58B3374B00211C68204602F0D3
:10FEB00009FD20B32046019902F0FCFB3A490446B3
:10FEC000404602F043FB0146204602F0FBFCB0B185
:10FED0003649404602F03AFB0146204602F0D4FC87
:10FEE00068B14146204602F027FA244902F02EFB71
:10FEF000414602F023FA01465120F3F797FC33689C
:10FF0000204A2B600123C2F80090124A8BF800307F
:10FF10001370BAF1010F40F08880AA20F3F760FC5B
:10FF20001A49804602F0C4FC214C002852D0892096
:10FF3000F3F756FC014607F1004002F007FB1D4DA8
:10FF40000E4902F003FB0E4902F0B4FB296833E0CE
:10FF500084360020883600208A36002000007A444B
:10FF60000080BB4400A08C45CDCC4C3D9036002099
:10FF7000EC250020F025002000004842CDCCCC3DEF
:10FF8000000061458C3600200000C0400000A04009
:10FF90000000FA4400009242EC51783F8FC2F53CD9
:10FFA0007C360020803600203333333F6666A63F20
:10FFB000743600207836002002F0C0F96A492860C3
:10FFC000404602F0C3FA694902F074FB216802F06E
:10FFD000B5F9206027686649384602F069FC20B30D
:10FFE000644D3946286802F065FB6349804602F09B
:10FFF0005FFCB0B14046614902F050FC88B152202C
:020000040801F1
:10000000F3F7EEFB07460146404602F095F95C49DE
:1000100002F09CFA394602F091F901465220F3F7BA
:1000200005FCC4F80090C5F800905120F3F7D8FB08
:10003000544B0746196802F089FA044601469D2090
:10004000F3F7F4FB5049204602F080FA01469E2067
:10005000F3F7ECFB4C49384602F078FA01469F2052
:10006000F3F7E4FB0021306802F00EFC002878D1A1
:10007000464D3068296802F05FF90021044602F01D
:1000800021FC002861D02046394602F05FFA3E4943
:10009000804602F05BFA07465220F3F7A1FB0021ED
:1000A000044602F00FFC002851D03949384602F0CE
:1000B0004DFA214602F0FEFA044641469320F3F73A
:1000C000B5FB39469220F3F7B1FB2046314902F0E7
:1000D000DBFB28B10021204602F0F4FB00283AD0D7
:1000E00020462C4902F0D0FB002832D021469C202B
:1000F000F3F79CFB2968306802F01EF9264902F0EC
:1001000025FA204B196802F0D5FA2349044602F07B
:10011000BBFB20B10021204602F0D4FBF8B1204601
:100120001D4902F0B1FBC0B12146942003B0BDE8E7
:10013000F04FF3F77BBB4D4654E6184B2880187000
:1001400060E621467BE620469BE600209CE70024F3
:10015000B3E71049CBE70021C9E70F49E5E70021E4
:10016000E3E703B0BDE8F08FCDCCCC3D00006145A6
:100170000000A04178360020000048420000FA4309
:10018000CDCC4C3EEC2500208C4A8A3E9036002097
:1001900000007A4400C079440000C842883600203C
:1001A0002DE9F04100F07AFB394C3A4B0419A402D6
:1001B0002268394F9A42394E33D100F053FB042163
:1001C000204600F05DFB236983422AD165683449EB
:1001D000284602F06DFB20B32846324902F05EFB50
:1001E000F8B1D4F808802E49404602F061FBC0B156
:1001F00040462C4902F052FB98B129465120F3F7B2
:1002000015FBA1685220F3F711FB636800213B60E6
:10021000A368E4683360204602F04AFBA0B9BDE859
:10022000F0815120F3F7DCFA38605220F3F7D8FA66
:100230001B493060386802F027FB88B11A49512009
:100240003960F3F7F3FA11E04FF07E51204602F0E7
:1002500025FB0028E3D0154B1C60154B1C60DEE726
:100260001049386802F02EFB0028E7D10C493068AD
:1002700002F00AFB28B90B49306802F023FB002882
:10028000CDD00C4952203160BDE8F041F3F7CEBA31
:10029000F2FF4100534F4334703600206C3600208B
:1002A000000048420000FA4300003E43E8250020D9
:1002B000F0250020000002430C4BF7B504461868F7
:1002C00001F034FD064651200F46F3F77BFA054650
:1002D0005220F3F777FA3246CDE900503B462046EC
:1002E0000349F4F7D9F803B0F0BD00BFF0250020B2
:1002F0006046010808B551200949F3F797FA5220E2
:100300000849F3F793FA084B084A1A600022084B91
:100310001A600022074B1A70BDE80840FFF716BCB0
:1003200000003E4300000243F0250020000080BF93
:100330008C3600207C3600208368DB075EBF836834
:1003400043F0010383607047024A136843F40003DB
:100350001360704708240140836823F460230B4333
:100360008360836843F4801383607047836800F17F
:10037000080243F00803836013681B07FCD470472E
:10038000836843F00403836070478068C0F3800093
:10039000704708B50246FFF7F3FF1046FFF7F5FF79
:1003A0000028FAD108BD0022134610B501FA02F464
:1003B00003321E2A43EA0403F8D10022036101FA42
:1003C00002F40332182A43EA0403F8D1C36010BDD3
:1003D000836823F0010383607047436843F48073AC
:1003E00043607047836823F40063836070478368C9
:1003F00043F00203836070471029F0B50CD8002643
:10040000012337463546DCB2A14206D2013945EA1E
:100410000155C56207634663F0BD062C15D892F8F6
:1004200000C003EB830EAEF1050E0CFA0EFC46EA9B
:100430000C060D3C052C15D8147803EB830CACF19D
:10044000410C04FA0CF425430CE0A4F1070CBCF1B8
:10045000050FEED8147803EB830CACF1230C04FAEF
:100460000CF4274301330132CDE7836800F1080221
:1004700043F48003836013685B02FCD47047836895
:1004800043F4807383607047044B98420CBF40F282
:10049000192040F21A2000F087BD00BF0064004020
:1004A0002DE9F3410468884624F0020404600468DE
:1004B000964644F0010404604FF6FF749DF820C096
:1004C0009DF824109DF828209DF83C609DF8407010
:1004D0000194019C051D013C019414B14468E4079A
:1004E000F7D52C68E4076ED50024C4610468B8F120
:1004F000000F4FD044F0800404600468BEF1000F88
:100500004BD044F040040460002B49D0036843F012
:10051000200303600368BCF1000F45D043F01003D3
:1005200003600368002942D043F0080303600368B6
:10053000002A3FD043F004030360C369002F3CD07E
:1005400043F00043C361C369002E39D043F08043B8
:10055000C3610E9B0D99013BC3F309030B430C9937
:10056000C2690B430B990B431343C361036823F028
:10057000010303604FF6FF730193019B013B01935D
:1005800013B12B68DB07F8D4286800F0010002B033
:10059000BDE8F08124F08004AEE724F04004B2E727
:1005A000036823F02003B4E723F01003B8E723F037
:1005B0000803BBE723F00403BEE723F00043C1E7D1
:1005C00023F08043C4E70120E1E70000F0B50124F7
:1005D0001E4D96461A462B689DF81C7043F0010389
:1005E0002B60EB69844023EA04031C352B60E6434F
:1005F000174B09B319682143196016490B68BEF1FE
:10060000000F1CD0234300F1006000F6C8400B60CF
:10061000C000059B0260069A43600F4B8AB11A68BE
:1006200022431A6017B12B681C432C60074A1368D9
:1006300023F001031360F0BD19683140DCE733405B
:10064000E1E71A6816401E60ECE700BF0066004054
:100650000C660040046600401466004030B4BDF8EB
:1006600008409DF8105043EA0443029341EA0243D4
:1006700000220495114630BCFFF7A8BF30B4BDF886
:1006800008409DF8105044EA0344049542EA0143AF
:100690000294012230BC0021FFF798BF1FB50092E1
:1006A00001229DF81840CDE901340B461146FFF7B1
:1006B0008DFF04B010BD43690B434361704743692C
:1006C00023EA0103436170472DE9F04180468068C9
:1006D0009DF818E04501079E2AD4D8F808000401C7
:1006E0002AD4D8F80800C00050D54FF4D0750220A5
:1006F00005EB080422B3C90041F0040145F80810D5
:100700001BB1236843F002032360636823F00F03E7
:10071000636062680EF00F03134363600EF1FF33F2
:10072000072B2AD8DFE803F02623201B1815120E0A
:100730004FF4C0750020DBE74FF4C8750120D7E700
:100740004905DBE70027F37963F31F67B37963F3A8
:100750001747737963F30F27337963F307074FF074
:10076000000CF37863F31F6CB37863F3174C737862
:1007700063F30F2C337863F3070CC4F808C0E76009
:10078000236843F001032360BDE8F0814FF0FF30A0
:10079000FAE721B9C36843F02003C36070470369D7
:1007A00043F020030361704719B9C06800F00300EB
:1007B00070470069FAE72DE9F347DDF828A0044601
:1007C000DDE90E568846FFF7EFFF4FF4E0718146F2
:1007D0004FF4D870CDE9000102A901EB880151F86E
:1007E000081C6058671810F0040015BF01208AF833
:1007F00000008AF80000605816BF6058400DC0081D
:10080000186061580B9BC1F34001197079680C9B0B
:10081000090A197079680D9B01F00F01197016B162
:100820007B681B0C3380BE68FB68C6F307216970C8
:10083000C6F30741A970C3F307212E702B71C6F3CD
:1008400007666971C3F30741C3F30763EE70A971CB
:10085000EB711AB141462046FFF79BFF484602B0B4
:10086000BDE8F087024A136843F001031360704744
:1008700008300240014B1860186870470030024091
:10088000002310B5044A8B4201DB106810BD50F8FC
:10089000234001331460F6E700300240014B188812
:1008A000704700BFE0F7FF1F14230022013903FB4C
:1008B00001039A60DA601A615A610F234268890065
:1008C00003FA01F11143416070470139890002FACE
:1008D00001F14160704701390368890002FA01F1B2
:1008E000194214BF01200020704710B54C1E14217E
:1008F000614308300C5824F440540C500B581343F7
:100900000B5010BD10B54C1E1421614308300C581B
:1009100024F440640C500B5813430B5010BD10B519
:100920004C1E1421614308300C5824F440740C50C0
:100930000B5813430B5010BD4B1E14215943083064
:100940000B5843F080030B5070474B1E1421594342
:1009500008300B5843F020030B500B5823F480430E
:100960000B5070474B1E1421594308300B5823F08D
:1009700010030B5070474B1E1421594308300B587D
:1009800043F010030B5070474B1E1421594308309D
:100990000B5843F001030B5070474B1E1421594371
:1009A00008300B5823F001030B5070471423013912
:1009B00003FB01008368DB0758BF02617047142303
:1009C000013903FB01008368DB0758BF42617047B0
:1009D0004B1E142159430C30085880B270474B1EEF
:1009E000142159430C300A507047000001290BD0E4
:1009F000022911D039B90A4A1368034313605368B6
:100A000023EA000050607047054A136823EA000398
:100A1000136053681843F5E7014A13680343F7E787
:100A200008040140034A13680343136053681843E2
:100A30005060704700040140014B1860704700BFD0
:100A4000140401402DE9F04F844600224FF0010EBE
:100A50000F271E4EDFF88080DFF88090DFF880A03F
:100A60000EFA02F313EA0C0F19D0194B994225D054
:100A70001AD8414524D0494524D0A1EB0A0043426D
:100A8000434106EB9204A40002F003052068AD0088
:100A900007FA05FB20EA0B00AB4018432060013247
:100AA000102ADDD1BDE8F08F0A4B99420CD003F536
:100AB000806399420CBF06230023E2E70423E0E7AA
:100AC0000223DEE70323DCE70523DAE70240001018
:100AD00000180140001C01400010014000140140BA
:100AE000000C0140064B10B51C68FFF7D7FEB0F5AF
:100AF000007F82BF034B1868044304F0350010BD2B
:100B00000C2002404C20024038B504460D4600F04F
:100B100081F8FFF7C3FEB0F5007F18D90E4B9C4259
:100B200015D90E4A136843F001031360258000F0C5
:100B300071F8FFF7B3FEB0F5007F0AD9064B9C426F
:100B400007D9064A136823F00103136038BD044A2D
:100B5000E8E7034AF6E700BFFFFF0708502002401E
:100B60001020024010B5044600F054F8FFF796FE3E
:100B7000B0F5007F1DD9134B9C421AD9124B1A684D
:100B800042F002021A60114A14601A6842F04002F0
:100B90001A6000F03FF8FFF781FEB0F5007F0FD933
:100BA000084B9C420CD9084A136823F002031360D7
:100BB00010BD074B1A6842F002021A60054AE3E7CB
:100BC000034AF1E7FFFF070850200240542002408B
:100BD0001020024014200240034A136823F0070348
:100BE00003431360704700BF00200240034B044AD8
:100BF0001A6002F188321A60704700BF0420024078
:100C000023016745024A136843F08003136070476D
:100C10001020024008B5FFF765FFC307FBD408BDED
:100C200038B505460C4689B2FFF76EFF210CA81CAB
:100C3000BDE83840FFF768BF2DE9F0414FF00F0CD9
:100C400000250768466843FA05F4E4071CD5072D1C
:100C500094BFBE46B646ACB24FEA84048ABF203C7D
:100C6000A4B2A4B20CFA04F82EEA080804F1020EA9
:100C700002FA0EFE01FA04F44EEA040444EA0804FF
:100C8000072D94BF274626460135102DDBD107607E
:100C90004660BDE8F0810000034A136823F0E0637A
:100CA0000B43034313607047040001400161704728
:100CB000090401617047806808407047C36801EA11
:100CC000030221EA030141EA024101617047000089
:100CD0004AF6AA22014B1A60704700BF003000405C
:100CE000024A136843F0807313607047001002409B
:100CF000062822D8DFE800F004090E13181D1F0093
:100D00000F4B1868C0F3406070470D4B1868C0F374
:100D1000C06070470A4B1868C0F340707047084BBA
:100D20001868C0F340407047054B1868C0F3400096
:100D30007047044BF9E7044BF7E70020704700BF0A
:100D4000001002402010024024100240024608B564
:100D50001046FFF7CDFF0028FAD008BD06280CD8B2
:100D6000DFE800F004060C11161B1D00FFF7B8BFEA
:100D70000C4A136843F0806313607047094A136894
:100D800043F08053F8E7074A136843F48033F3E7EE
:100D9000044A136843F00103EEE7034AF9E7034A04
:100DA000F7E700BF0010024020100240241002406C
:100DB000034A136823F0030303431360704700BF23
:100DC00004100240034A136823F4701343EA80437B
:100DD0001360704704100240034A136823F4803301
:100DE00043EA00431360704704100240034A13684B
:100DF00023F4003343EA4043136070470410024079
:100E0000024B186800F40040704700BF20100240F9
:100E1000024A136843F400431360704720100240F5
:100E200006283DD8DFE800F03737372637041500AD
:100E30001C4B1A6842F001021A601A689007FCD530
:100E40001A6822F440721A601A6842F480721A60BA
:100E50007047154B1A6842F001021A601A68910730
:100E6000FCD5104B1A6822F440721A601A6842F4DA
:100E70000072ECE70D4B1A6842F480321A601A686F
:100E80009203FCD5074B1A6822F440721A601A6864
:100E900042F44072DBE7034A136823F440731360A3
:100EA000704700BF20100240241002400010024092
:100EB000034A136823F4404343EA803313607047C6
:100EC00004100240034A136823F4605343EAC0232A
:100ED0001360704704100240034A136823F4E06370
:100EE00043EA00231360704704100240034A13686A
:100EF00023F0F00343EA001313607047041002402C
:100F000008B50420FFF72AFF0420FFF71FFF002089
:100F1000FFF74EFF0320FFF721FF0320FFF716FF27
:100F20000120FFF745FF0020FFF7E0FF0320FFF758
:100F3000BFFF0420FFF7D0FF0020FFF7C3FF022010
:100F4000FFF74AFE0720FFF73DFF0120FFF744FFB0
:100F50000020FFF74BFFFFF7C3FE0020FFF7F6FE70
:100F60000220FFF725FF044B044A05491360054A98
:100F70001160054A136008BD00A24A04F425002050
:100F800000512502F8250020FC25002001224309FC
:100F900003F1804303F50433196800F01F0002FADF
:100FA00000F00843186070470122430903F18043B1
:100FB00003F50433196800F01F0002FA00F0014342
:100FC00019601A6822EA000018607047044B1A681A
:100FD0009206FCD51A6842F010021A60704700BFF2
:100FE00004280040044B1A6822F010021A601A68A4
:100FF0009206FCD5704700BF0428004038B504466F
:1010000000254FF46770FFF7C1FF40F29B30FFF7F8
:10101000BDFF00F085FB2046FFF702FF0D4C0E4B95
:101020001D602560FFF7F4FEFFF7D0FF0B4B0C4A65
:101030001D605D601D615D614FF6FF73136053605D
:10104000FFF7D0FF236823F00803236023681B0702
:10105000FCD538BD04280040002800400828004086
:101060002028004008B5FFF7B1FF054B82B2C0F35E
:1010700003401A6043F8040CBDE80840FFF7B2BF14
:101080000C280040034B186804331B6843EA0040F7
:10109000704700BF1828004008B5FFF797FF044BC2
:1010A000020C80B21A605860BDE80840FFF79ABF92
:1010B0001828004008B5FFF789FF01280BD0022847
:1010C0000ED020B9094A136843F001031360BDE84C
:1010D0000840FFF787BF054A136843F00203F5E7AE
:1010E000024A136843F00403F0E700BF0028004001
:1010F000012808D002280BD020B9084A136823F031
:10110000010313607047054A136823F00203F8E7F0
:10111000024A136823F00403F3E700BF04280040E9
:1011200008B54FF46770FFF731FF40F29B30FFF7CF
:101130002DFF00F0F5FA064B1A6822F008021A603B
:101140001A681107FCD51A689206FCD508BD00BFC5
:101150000428004038B505464FF467700C46FFF789
:1011600015FF40F29B30FFF711FFFFF749FE18B162
:10117000BDE83840FFF7D4BF2846FFF73FFF2046C1
:10118000BDE83840FFF76EBF036843F040030360DB
:101190007047C1608368DB07FCD5C06880B27047C8
:1011A000036843F400730360436823F0040343605F
:1011B0007047036843F480730360704703299FBF3F
:1011C000036823F0030319430160704730B50468D6
:1011D000049D04F441542C43039D2C431C431443AD
:1011E00043680C4344F0040443F004034360046088
:1011F000002030BDC3680B43C360704703690B42D6
:1012000014BF012000207047C9430161704710B529
:1012100004681A4324F45C740A432243026010BD3C
:10122000036843F0800303607047036801F06001C6
:1012300023F060030360036819430160704703688B
:1012400023F0100303607047036823F00803036072
:101250007047036843F0010303607047036823F09D
:1012600001030360704781627047C16270470629BD
:101270007AD8DFE801F004793379637992008369E1
:1012800023F00303836183698361836923F070031F
:101290008361072A68D8DFE802F03304090D1115CD
:1012A000191D836943F0100383617047836943F01C
:1012B0002003F9E7836943F03003F5E7836943F0DE
:1012C0004003F1E7836943F05003EDE7836943F09E
:1012D0006003E9E7836943F07003E5E7836923F47A
:1012E0004073836183698361836923F4E04383618D
:1012F000072A39D8DFE802F004060A0E12161A1E71
:101300008369D1E7836943F48053CDE7836943F46C
:101310000053C9E7836943F44053C5E7836943F445
:101320008043C1E7836943F4A043BDE7836943F485
:10133000C043B9E7836943F4E043B5E7C36923F0E9
:101340000303C361C369C361C36923F07003C3614D
:10135000072A09D8DFE802F03304090D1115191D19
:10136000C36943F01003C3617047C36943F02003AE
:10137000F9E7C36943F03003F5E7C36943F040037D
:10138000F1E7C36943F05003EDE7C36943F060033D
:10139000E9E7C36943F07003E5E7C36923F44073E9
:1013A000C361C369C361C36923F4E043C361072A0E
:1013B000DAD8DFE802F004060A0E12161A1EC36914
:1013C000D1E7C36943F48053CDE7C36943F40053C5
:1013D000C9E7C36943F44053C5E7C36943F4804395
:1013E000C1E7C36943F4A043BDE7C36943F4C04305
:1013F000B9E7C36943F4E043B5E7062912D8DFE84B
:1014000001F0041109110D111200836943F0080362
:1014100083617047836943F40063F9E7C36943F06C
:101420000803C3617047C36943F40063F9E7062901
:1014300009D8DFE801F0041509190D1D1100036A30
:1014400023F0020303627047036A23F02003F9E7E5
:10145000036A23F40073F5E7036A23F40053F1E70A
:10146000036A23F00803EDE7036A23F08003E9E74A
:10147000036A23F40063E5E7062909D8DFE801F0F1
:10148000041509190D1D1100036A43F001030362DD
:101490007047036A43F01003F9E7036A43F480736B
:1014A000F5E7036A43F48053F1E7036A43F004036A
:1014B000EDE7036A43F04003E9E7036A43F480631E
:1014C000E5E7062909D8DFE801F0041509190D1D23
:1014D0001100036A23F0010303627047036A23F0DB
:1014E0001003F9E7036A23F48073F5E7036A23F432
:1014F0008053F1E7036A23F00403EDE7036A23F066
:101500004003E9E7036A23F48063E5E706290CD882
:10151000DFE801F0040B060B080B0A00426370477A
:1015200082637047C263704702647047436C43F440
:1015300000434364704743690B4343617047406A0B
:101540007047416270470000064A074B90421B6893
:1015500004BF064B1B6803EB5103B3FBF1F1816041
:10156000704700BF00380140F8250020FC2500200E
:10157000C36808290CBF23F4805343F48053C3602D
:101580007047036923F440530B4303617047C368FA
:1015900023F4C0630B43C3607047C36823F00C039C
:1015A0000B43C3607047436923F440730B434361AB
:1015B0007047C36843F40053C360704738B50446AE
:1015C0000D4600F018F829462046BDE8384000F0E6
:1015D0000AB8436943F0400343617047436943F0ED
:1015E000800343617047C1F3080141607047406860
:1015F000C0F30800704703681B06FCD570470368FA
:101600000B4214BF012000207047FEE77047000026
:1016100038B5DFF8BCD0214B214A22498B4226D372
:101620001A46002020498A4226D3204AD81ED21AC0
:1016300022F00302814238BF00224FF0A53113444B
:101640001B4A93421BD31B4A1B4C13681B4D43F48C
:1016500000731360AC4215D3194C1A4DAC4215D32C
:10166000F1F750F9184C194DAC4213D338BD52F86C
:10167000040B43F8040BD1E742F8040BD3E743F81B
:10168000041BDEE754F8043B9847E3E754F8043BB7
:101690009847E3E754F8043B9847E5E7000000204B
:1016A0009458010808280020CC370020CF370020AC
:1016B0000050002014ED00E0805801088058010817
:1016C000805801088C5801088C5801088C58010872
:1016D00000500020014B024A1A60FEE70CED00E0CA
:1016E0000400FA05012243099B0003F1604300F066
:1016F0001F0003F5614302FA00F018607047000014
:10170000432893BF00F16040044B00F00F0000F548
:1017100064408CBFC1540170704700BF14ED00E0FD
:10172000024A136843F480731360704700700040EE
:1017300038B5044600F02EF821460546204601F053
:10174000CBF880B92046002101F0BCF858B92046FA
:10175000002101F08FF840B10025CFF6807501F02F
:1017600057F922230360284638BD01F051F903469A
:10177000212245F67C00C0F601001A60BDE8384021
:1017800000F004B820F00040704700BF0020C7F60A
:10179000C07070472DE9F04730F0004382B03ED072
:1017A0000146034600285ADBB0F1FF4F52DAB0F58C
:1017B000000FA8BF4FF0000C06DA4FF0984100F080
:1017C000C5FE03466FF0180CC3F316024FF6203126
:1017D000C0F24A01DB1511447F3B01F40000634471
:1017E00080F07E5003EBD15410434FF07E510092B5
:1017F00000F0A2FD009A4FF6F073C0F27F03A046FE
:1018000002F10F0181460B408BBB002101F032F841
:10181000002800F0C78020464CB9002004E00021D9
:101820004FF04C4000F046FF02B0BDE8F08700F0FA
:1018300039FE4FF4E341C3F63171054600F086FEF0
:101840004FF2D171C3F217710446284600F07EFEB4
:101850000146204600F072FD02B0BDE8F08700F0BE
:101860006BFD002100F026FF02B0BDE8F0874FF0CD
:101870008041009200F062FD0146484600F01AFFE8
:101880000546204600F00EFE29468246284600F016
:101890005DFE009A014645F63043CFF6CF7307460A
:1018A0001344CDE9003200F051FE48F69701C3F62B
:1018B0001761044600F04AFE43F22531C3F63A614F
:1018C00000F03CFD214600F041FE44F62511C3F630
:1018D000926100F033FD214600F038FE4AF6AB215C
:1018E000C3F62A7100F02AFD394600F02FFE4DF2B2
:1018F0004F01C3F61C610746204600F027FE48F65C
:101900002961C3F6636100F019FD214600F01EFE57
:101910004CF6CD41C3F6CC6100F010FD214600F03D
:1019200015FE0146384600F009FD019A009B074666
:10193000C2F55712014602F522721A43002A4CDD05
:101940004FF07C51484600F001FE494600F0FEFD94
:1019500001460646384600F0F1FC294600F0F6FD47
:10196000B8F1000F55D000904FF4E341C3F6317148
:10197000504600F0EBFD4FF2D171C3F217710546EE
:10198000504600F0E3FD009900F0D8FC01463046D7
:1019900000F0D2FC494600F0CFFC0146284600F09A
:1019A000CBFC41E748464AF6AB21C3F6AA6100F0FA
:1019B000CDFD01464FF07C5000F0BEFC4946054687
:1019C000484600F0C3FD0146284600F0BFFD4CBB71
:1019D0000146484600F0B0FC26E7484600F0ACFC63
:1019E000294600F0B3FDB8F1000FF1D000904FF49C
:1019F000E341C3F63171504600F0A8FD4FF2D171BA
:101A0000C3F217710546504600F0A0FD014600984C
:101A1000BEE70146304600F08FFC0146484600F024
:101A20008BFC01E70090204600F03CFD4FF4E341C1
:101A3000C3F63171054600F089FD4FF2D171C3F252
:101A400017710446284600F081FD0146009800F019
:101A500073FC494600F070FC0146204600F06CFC27
:101A6000E2E600BF81F0004102E000BF83F00043E6
:101A700030B54FEA41044FEA430594EA050F08BF29
:101A800090EA020F1FBF54EA000C55EA020C7FEAED
:101A9000645C7FEA655C00F0E2804FEA5454D4EB6A
:101AA0005555B8BF6D420CDD2C4480EA020281EA34
:101AB000030382EA000083EA010180EA020281EA6C
:101AC0000303362D88BF30BD11F0004F4FEA0131BE
:101AD0004FF4801C4CEA113102D0404261EB4101CD
:101AE00013F0004F4FEA03334CEA133302D0524253
:101AF00063EB430394EA050F00F0A780A4F101040F
:101B0000D5F1200E0DDB02FA0EFC22FA05F2801848
:101B100041F1000103FA0EF2801843FA05F359412E
:101B20000EE0A5F120050EF1200E012A03FA0EFCAD
:101B300028BF4CF0020C43FA05F3C01851EBE371D7
:101B400001F0004507D54FF0000EDCF1000C7EEBF4
:101B500000006EEB0101B1F5801F1BD3B1F5001F32
:101B60000CD349085FEA30004FEA3C0C04F1010451
:101B70004FEA445212F5800F80F09A80BCF1004F7A
:101B800008BF5FEA500C50F1000041EB045141EAFC
:101B9000050130BD5FEA4C0C404141EB0101013CC5
:101BA00028BFB1F5801FE9D291F0000F04BF0146B4
:101BB0000020B1FA81F308BF2033A3F10B03B3F186
:101BC00020020CDA0C3208DD02F1140CC2F10C0216
:101BD00001FA0CF021FA02F10CE002F11402D8BF74
:101BE000C2F1200C01FA02F120FA0CFCDCBF41EA40
:101BF0000C019040E41AA2BF01EB0451294330BD0F
:101C00006FEA04041F3C1CDA0C340EDC04F11404EB
:101C1000C4F1200220FA04F001FA02F340EA0300C2
:101C200021FA04F345EA030130BDC4F10C04C4F108
:101C3000200220FA02F001FA04F340EA03002946E8
:101C400030BD21FA04F0294630BD94F0000F83F432
:101C5000801306BF81F480110134013D4EE77FEA15
:101C6000645C18BF7FEA655C29D094EA050F08BF61
:101C700090EA020F05D054EA000C04BF1946104642
:101C800030BD91EA030F1EBF0021002030BD5FEA86
:101C9000545C05D14000494128BF41F0004130BDAE
:101CA00014F580043CBF01F5801130BD01F0004502
:101CB00045F0FE4141F470014FF0000030BD7FEA75
:101CC000645C1ABF194610467FEA655C1CBF0B4670
:101CD000024650EA013406BF52EA033591EA030F87
:101CE00041F4002130BD00BF90F0000F04BF00217F
:101CF000704730B54FF4806404F132044FF00005B2
:101D00004FF0000150E700BF90F0000F04BF00212A
:101D1000704730B54FF4806404F1320410F0004590
:101D200048BF40424FF000013EE700BF42004FEA8B
:101D3000E2014FEA31014FEA02701FBF12F07F4308
:101D400093F07F4F81F06051704732F07F4208BFBF
:101D5000704793F07F4F04BF41F40021704730B5C6
:101D60004FF4607401F0004521F000411CE700BF12
:101D700050EA010208BF704730B54FF000050AE095
:101D800050EA010208BF704730B511F0004502D596
:101D9000404261EB41014FF4806404F132045FEA98
:101DA000915C3FF4D8AE4FF003025FEADC0C18BF41
:101DB00003325FEADC0C18BF033202EBDC02C2F133
:101DC000200300FA03FC20FA02F001FA03FE40EAC5
:101DD0000E0021FA02F11444BDE600BF70B54FF0C9
:101DE000FF0C4CF4E06C1CEA11541DBF1CEA1355A7
:101DF00094EA0C0F95EA0C0F00F0DEF82C4481EA0F
:101E0000030621EA4C5123EA4C5350EA013518BF2E
:101E100052EA033541F4801143F4801338D0A0FB1B
:101E200002CE4FF00005E1FB02E506F00042E0FBC8
:101E300003E54FF00006E1FB03569CF0000F18BFCE
:101E40004EF0010EA4F1FF04B6F5007F64F5407476
:101E500004D25FEA4E0E6D4146EB060642EAC62109
:101E600041EA55514FEAC52040EA5E504FEACE2E76
:101E7000B4F1FD0C88BFBCF5E06F1ED8BEF1004F79
:101E800008BF5FEA500E50F1000041EB045170BDF5
:101E900006F0004646EA010140EA020081EA030139
:101EA000B4EB5C04C2BFD4EB0C0541EA045170BD35
:101EB00041F480114FF0000E013C00F3AB8014F1AF
:101EC000360FDEBF002001F0004170BDC4F10004F8
:101ED000203C35DA0C341BDC04F11404C4F1200579
:101EE00000FA05F320FA04F001FA05F240EA0200D4
:101EF00001F0004221F0004110EBD37021FA04F60A
:101F000042EB06015EEA430E08BF20EAD37070BDC3
:101F1000C4F10C04C4F1200500FA04F320FA05F022
:101F200001FA04F240EA020001F0004110EBD37024
:101F300041F100015EEA430E08BF20EAD37070BD94
:101F4000C4F1200500FA05F24EEA020E20FA04F36D
:101F500001FA05F243EA020321FA04F001F000411C
:101F600021FA04F220EA020000EBD3705EEA430E8D
:101F700008BF20EAD37070BD94F0000F0FD101F0BC
:101F80000046400041EB010111F4801F08BF013CF5
:101F9000F7D041EA060195F0000F18BF704703F033
:101FA0000046520043EB030313F4801F08BF013DBA
:101FB000F7D043EA0603704794EA0C0F0CEA135576
:101FC00018BF95EA0C0F0CD050EA410618BF52EA30
:101FD0004306D1D181EA030101F000414FF0000036
:101FE00070BD50EA410606BF1046194652EA430644
:101FF00019D094EA0C0F02D150EA013613D195EAB8
:102000000C0F05D152EA03361CBF104619460AD1FF
:1020100081EA030101F0004141F0FE4141F4700109
:102020004FF0000070BD41F0FE4141F4780170BDF9
:1020300070B54FF0FF0C4CF4E06C1CEA11541DBF5E
:102040001CEA135594EA0C0F95EA0C0F00F0A7F860
:10205000A4EB050481EA030E52EA03354FEA01318D
:1020600000F088804FEA03334FF0805545EA1313A0
:1020700043EA12634FEA022245EA111545EA106568
:102080004FEA00260EF000419D4208BF964244F1FF
:10209000FD0404F5407402D25B084FEA3202B61A1E
:1020A00065EB03055B084FEA32024FF480104FF4F2
:1020B000002CB6EB020E75EB030E22BFB61A754666
:1020C00040EA0C005B084FEA3202B6EB020E75EBF9
:1020D000030E22BFB61A754640EA5C005B084FEA61
:1020E0003202B6EB020E75EB030E22BFB61A75462E
:1020F00040EA9C005B084FEA3202B6EB020E75EB39
:10210000030E22BFB61A754640EADC0055EA060EF9
:1021100018D04FEA051545EA16754FEA06164FEA3C
:10212000C30343EA52734FEAC2025FEA1C1CC0D1E8
:1021300011F4801F0BD141EA00014FF000004FF075
:10214000004CB6E711F4801F04BF01430020B4F136
:10215000FD0C88BFBCF5E06F3FF6AFAEB5EB030CEE
:1021600004BFB6EB020C5FEA500C50F1000041EBEB
:10217000045170BD0EF0004E4EEA113114EB5C04B8
:10218000C2BFD4EB0C0541EA045170BD41F480118B
:102190004FF0000E013C90E645EA060E8DE60CEA93
:1021A000135594EA0C0F08BF95EA0C0F3FF43BAFB0
:1021B00094EA0C0F0AD150EA01347FF434AF95EA67
:1021C0000C0F7FF425AF104619462CE795EA0C0F4B
:1021D00006D152EA03353FF4FDAE1046194622E718
:1021E00050EA410618BF52EA43067FF4C5AE50EAF2
:1021F00041047FF40DAF52EA43057FF4EBAE12E7E2
:102200004FEA410212F5001215D211D56FF478731E
:10221000B3EB625212D94FEAC12343F0004343EAC1
:10222000505311F0004F23FA02F018BF404270479C
:102230004FF00000704750EA013005D111F0004026
:1022400008BF6FF0004070474FF00000704700BFBC
:102250004A0011D212F5001211D20DD56FF4787325
:10226000B3EB62520ED44FEAC12343F0004343EA7A
:10227000505323FA02F070474FF00000704750EAC5
:10228000013002D14FF0FF3070474FF0000070472F
:102290004FEA4102B2F1E04324BFB3F5001CDCF188
:1022A000FE5C0DD901F0004C4FEAC0024CEA5070C0
:1022B000B2F1004F40EB830008BF20F001007047EF
:1022C00011F0804F21D113F13872BCBF01F00040F2
:1022D000704741F480114FEA5252C2F11802C2F124
:1022E000200C10FA0CF320FA02F018BF40F00100A5
:1022F0004FEAC1234FEAD32303FA0CFC40EA0C0057
:1023000023FA02F34FEA4303CCE77FEA625307D193
:1023100050EA01331EBF4FF0FE4040F440007047CA
:1023200001F0004040F0FE4040F40000704700BF64
:1023300080F0004002E000BF81F0004142001FBF7A
:102340005FEA410392EA030F7FEA226C7FEA236C83
:102350006AD04FEA1262D2EB1363C1BFD218414078
:1023600048404140B8BF5B42192B88BF704710F00E
:10237000004F40F4000020F07F4018BF404211F0B1
:10238000004F41F4000121F07F4118BF494292EA19
:10239000030F3FD0A2F1010241FA03FC10EB0C0045
:1023A000C3F1200301FA03F100F0004302D54942D2
:1023B00060EB4000B0F5000F13D3B0F1807F06D37F
:1023C00040084FEA310102F10102FE2A51D2B1F177
:1023D000004F40EBC25008BF20F0010040EA03006C
:1023E0007047490040EB0000013A28BFB0F5000FEC
:1023F000EDD2B0FA80FCACF1080CB2EB0C0200FAA2
:102400000CF0AABF00EBC25052421843BCBFD040F0
:102410001843704792F0000F81F4000106BF80F46A
:1024200000000132013BB5E74FEA41037FEA226C2D
:1024300018BF7FEA236C21D092EA030F04D092F0F8
:10244000000F08BF0846704790EA010F1CBF00202C
:10245000704712F07F4F04D1400028BF40F0004089
:10246000704712F100723CBF00F50000704700F0A9
:10247000004343F0FE4040F4000070477FEA2262D0
:1024800016BF08467FEA23630146420206BF5FEAA1
:10249000412390EA010F40F4800070474FF00003A1
:1024A00004E000BF10F0004348BF40425FEA000C68
:1024B00008BF704743F0964301464FF000001CE010
:1024C00050EA010208BF70474FF000030AE000BF66
:1024D00050EA010208BF704711F0004302D54042A4
:1024E00061EB41015FEA010C02BF84460146002016
:1024F00043F0B64308BFA3F18053A3F50003BCFA31
:102500008CF2083AA3EBC25310DB01FA02FC6344DD
:1025100000FA02FCC2F12002BCF1004F20FA02F2E4
:1025200043EB020008BF20F00100704702F12002D7
:1025300001FA02FCC2F1200250EA4C0021FA02F238
:1025400043EB020008BF20EADC7070474FF0FF0C3D
:102550001CEAD0521EBF1CEAD15392EA0C0F93EA38
:102560000C0F6FD01A4480EA010C400218BF5FEADA
:1025700041211ED04FF0006343EA501043EA51114D
:10258000A0FB01310CF00040B1F5000F3EBF490047
:1025900041EAD3715B0040EA010062F17F02FD2A4B
:1025A0001DD8B3F1004F40EBC25008BF20F001002E
:1025B000704790F0000F0CF0004C08BF49024CEA45
:1025C000502040EA51207F3AC2BFD2F1FF0340EAD7
:1025D000C250704740F400004FF00003013A5DDC48
:1025E00012F1190FDCBF00F000407047C2F1000289
:1025F000410021FA02F1C2F1200200FA02FC5FEA76
:10260000310040F1000053EA4C0308BF20EADC70BF
:10261000704792F0000F00F0004C02BF400010F431
:10262000000F013AF9D040EA0C0093F0000F01F0DE
:10263000004C02BF490011F4000F013BF9D041EA00
:102640000C018FE70CEAD15392EA0C0F18BF93EA02
:102650000C0F0AD030F0004C18BF31F0004CD8D12C
:1026600080EA010000F00040704790F0000F17BFB3
:1026700090F0004F084691F0000F91F0004F14D0F9
:1026800092EA0C0F01D142020FD193EA0C0F03D151
:102690004B0218BF084608D180EA010000F0004054
:1026A00040F0FE4040F40000704740F0FE4040F42F
:1026B000400070474FF0FF0C1CEAD0521EBF1CEACE
:1026C000D15392EA0C0F93EA0C0F69D0A2EB0302EC
:1026D00080EA010C49024FEA402037D04FF0805386
:1026E00043EA111143EA10130CF000408B4238BF4B
:1026F0005B0042F17D024FF4000C8B4224BF5B1A59
:1027000040EA0C00B3EB510F24BFA3EB510340EAA6
:102710005C00B3EB910F24BFA3EB910340EA9C0054
:10272000B3EBD10F24BFA3EBD10340EADC001B01C4
:1027300018BF5FEA1C1CE0D1FD2A3FF650AF8B4268
:1027400040EBC25008BF20F0010070470CF0004C75
:102750004CEA50207F32C2BFD2F1FF0340EAC250A0
:10276000704740F400004FF00003013A37E792F061
:10277000000F00F0004C02BF400010F4000F013ABF
:10278000F9D040EA0C0093F0000F01F0004C02BFBA
:10279000490011F4000F013BF9D041EA0C0195E723
:1027A0000CEAD15392EA0C0F08D142027FF47DAFBC
:1027B00093EA0C0F7FF470AF084676E793EA0C0FAC
:1027C00004D14B023FF44CAF08466EE730F0004CAA
:1027D00018BF31F0004CCAD130F000427FF45CAF3A
:1027E00031F000437FF43CAF5FE700BF4FF0FF3CA8
:1027F00006E000BF4FF0010C02E000BF4FF0010CFB
:102800004DF804CD4FEA40024FEA41037FEA226CC3
:1028100018BF7FEA236C11D001B052EA530C18BFE5
:1028200090EA010F58BFB2EB030088BFC81738BF4A
:102830006FEAE17018BF40F0010070477FEA226C38
:1028400002D15FEA402C05D17FEA236CE4D15FEA34
:10285000412CE1D05DF8040B704700BF8446084668
:102860006146FFE70FB5FFF7C9FF002848BF10F129
:10287000000F0FBD4DF808EDFFF7F4FF0CBF01206E
:1028800000205DF808FB00BF4DF808EDFFF7EAFFF8
:1028900034BF012000205DF808FB00BF4DF808EDB3
:1028A000FFF7E0FF94BF012000205DF808FB00BFA8
:1028B0004DF808EDFFF7D2FF94BF012000205DF82E
:1028C00008FB00BF4DF808EDFFF7C8FF34BF01203B
:1028D00000205DF808FB00BF4FEA40024FEA4103C9
:1028E0007FEA226C02D15FEA402C08D17FEA236C98
:1028F00002D15FEA412C02D14FF0000070474FF047
:10290000010070474FEA4002B2F1FE4F0FD34FF083
:102910009E03B3EB12620DD94FEA002343F000434C
:1029200010F0004F23FA02F018BF404270474FF0FA
:102930000000704712F1610F01D1420205D110F081
:10294000004008BF6FF0004070474FF00000704734
:1029500042000ED2B2F1FE4F0BD34FF09E03B3EB09
:10296000126209D44FEA002343F0004323FA02F035
:1029700070474FF00000704712F1610F01D1420221
:1029800002D14FF0FF3070474FF00000704700BF9A
:1029900030B503468646840705D08AB303F8011B89
:1029A000013A9807F9D1032A24D95FFA81FC4FF044
:1029B00001300F2A00FB0CF028D922F00F0C9C44A8
:1029C000C3E90000C3E9020010336345F8D102F007
:1029D0000F0512F00C0F15D01A465C1942F8040BC3
:1029E000A4EB020CBCF1030FF8D825F0030005F0AE
:1029F0000302034422B11A4403F8011B9A42FBD19B
:102A0000704630BD2A46002AF5D1F9E71546E3E7BE
:102A100042F20063C2F2000318687047844641EA3C
:102A2000000313F0030349D1403A23D30B6803603A
:102A30004B6843608B688360CB68C3600B6903613C
:102A40004B6943618B698361CB69C3610B6A036224
:102A50004B6A43628B6A8362CB6AC3620B6B03630C
:102A60004B6B43638B6B8363CB6BC36340304031F1
:102A7000403ADBD230320BD30B6803604B684360C3
:102A80008B688360CB68C36010301031103AF3D28A
:102A90000C3205D351F8043B40F8043B043AF9D218
:102AA000043208D0D2071CBF11F8013B00F8013BEB
:102AB00001D30B8803806046704700BF082A13D3F8
:102AC0008B07B1D010F00303AED0C3F10403D21AC8
:102AD000DB071CBF11F8013B00F8013BA4D331F820
:102AE000023B20F8023B9FE7043AD9D3013A11F8A0
:102AF000013B00F8013BF9D20B7803704B7843702F
:102B00008B78837060467047000000000000000072
:102B100051110008631100080000000000000000CF
:102B20009D1100089F110008A1110008A3110008C1
:102B3000A5110008A7110008AB1100080000000053
:102B400000000000C7110008C9110008CB110008DF
:102B5000CD110008CF110008D1110008E9110008BB
:102B6000D5110008D7110008000000000000000087
:102B7000AF110008B1110008B3110008B511000829
:102B8000B7110008B9110008BD110008BF110008F5
:102B9000C31100080000000000000000DB11000865
:102BA000DD110008ED110008EF110008E111000827
:102BB000E3110008E7110008000000000000000019
:102BC000F1110008F3110008F511000811150008B3
:102BD000FD110008000000000000000001120008C4
:102BE0000312000805120008071200080912000865
:102BF0000B12000800000000000000009D110008FA
:102C00009F110008A1110008A3110008A5110008D8
:102C1000A7110008AB110008000000000000000030
:102C200067110008691100086B1100086D11000898
:102C30000F120008111200081512000819120008DE
:102C40001D120008211200086F1100087111000800
:102C50000000000000000000751100087711000856
:102C6000791100087B1100087D1100087F11000810
:102C7000251200082712000881110008831100089E
:102C8000871100088D11000895110008E11800084F
:102C900065160008991100080002040647656E6574
:102CA00072616C20536574757000496E766572743C
:102CB000657200303D4E6F6E652C20313D4C656174
:102CC000665F47656E312C20323D475334353048BE
:102CD0002C20333D5573657243414E2C20343D4FBB
:102CE00070656E492C20353D50726975735F47657C
:102CF0006E332C20363D4F75746C616E6465722C9A
:102D000020373D4753333030482C20383D526561E1
:102D1000724F75746C616E6465722C20393D457616
:102D2000436F6E74726F6C735F5432430056656804
:102D300069636C6500303D424D575F4534362C2049
:102D4000313D424D575F4536782B2C20323D436C48
:102D500061737369632C20333D4E6F6E652C203593
:102D60003D424D575F4533392C20363D5641472C67
:102D700020373D5375626172752C20383D424D57A6
:102D80005F4533312C20393D424D575F4539300086
:102D9000476561724C767200303D4E6F6E652C2037
:102DA000313D424D575F4633302C20323D4A4C5224
:102DB0005F47312C20333D4A4C525F47322C203440
:102DC0003D424D575F453635005472616E736D69F3
:102DD0007373696F6E00303D4D616E75616C2C20B0
:102DE000313D4175746F00696E746572666163652B
:102DF00000303D556E757365642C20313D69334C50
:102E0000494D2C20323D43686164656D6F2C203341
:102E10003D4350432C20343D466F63636369006338
:102E200068617267656D6F64657300303D4F6666FB
:102E30002C20313D4558545F444947492C20323DB0
:102E4000566F6C745F416D706572612C20333D4C20
:102E50006561665F50444D2C20343D5465736C6150
:102E60004F492C20353D4F75745F6C616E646572FF
:102E70002C20363D456C636F6E00424D535F4D6FA5
:102E8000646500303D4F66662C20313D53696D709E
:102E9000424D532C20323D54694461697379636813
:102EA00061696E53696E676C652C20333D546944CB
:102EB00061697379636861696E4475616C2C203453
:102EC0003D4C656166426D732C20353D52656E61E7
:102ED000756C744B616E676F6F33332C20363D44D5
:102EE000696C69746869756D4D4355005368756EFA
:102EF000745479706500303D4E6F6E652C20313D05
:102F00004953412C20323D53424F582C20333D56DB
:102F100041472C20343D4856435500496E76657232
:102F200074657243616E00303D43414E312C203157
:102F30003D43414E320056656869636C6543616E7E
:102F4000005368756E7443616E004C696D43616E29
:102F5000004368617267657243616E00424D53437E
:102F6000616E004F42443243616E0043616E4D61B9
:102F70007043616E004443444343616E00486561A1
:102F800074657243616E0043414E335370656564EE
:102F900000303D6B33332E332C20313D6B353030D8
:102FA0002C20323D6B313030004D6F7441637469B9
:102FB000766500303D4D6731616E64322C20313DC5
:102FC0004D67312C20323D4D67322C20333D426C11
:102FD000656E64696E674D4732616E6431004361AE
:102FE0006E54696D656F75740073656300496E7624
:102FF00054696D656F757400424D535F54696D651A
:103000006F75740050726563686172676554696DAD
:10301000656F7574005361666574794F7665727279
:1030200069646500303D4F66662C20313D4F6E2C43
:1030300020323D6E61005468726F74746C6500706C
:103040006F746D696E0064696700706F746D61788C
:1030500000706F74326D696E00706F74326D6178DC
:1030600000726567656E72706D00726567656E658A
:103070006E6472706D00726567656E6D61780025B3
:1030800000726567656E4272616B650072656765A7
:103090006E72616D7000252F31306D7300706F742A
:1030A0006D6F646500303D53696E676C65436861A0
:1030B0006E6E656C2C20313D4475616C4368616EA9
:1030C0006E656C006469726D6F646500303D4275B9
:1030D00074746F6E2C20313D5377697463682C20B3
:1030E000323D427574746F6E5265766572736564B5
:1030F0002C20333D5377697463685265766572732B
:1031000065642C20343D44656661756C74466F724D
:103110007761726400726576657273656D6F746F46
:1031200072007468726F7472616D70007468726F8F
:103130007472616D7072706D007265766C696D008D
:10314000726576526567656E007564636D696E00C1
:103150007564636C696D00756463737700746D707A
:1031600068736D617800C2B04300746D706D6D61FD
:1031700078007468726F746D6178007468726F742F
:103180006D696E007468726F746D61785265760057
:103190007468726F7464656164007468726F7472CD
:1031A000706D66696C740072706D2F31306D7300D4
:1031B0005077724D6F744D6178006B570050777285
:1031C000526567656E4D61780047656172626F7820
:1031D00020436F6E74726F6C004765617200303D02
:1031E0004C4F572C20313D484947482C20323D4117
:1031F00055544F2C20333D484947484657444C4F7F
:1032000057524556004F696C50756D70004372758A
:1032100069736520436F6E74726F6C0063727569B9
:103220007365737465700063727569736572616D3F
:10323000700072706D2F3130306D7300726567658C
:103240006E6C6576656C00436F6E746163746F724B
:1032500020436F6E74726F6C006372756973656C76
:1032600069676874006572726C69676874730030AE
:103270003D4F66662C20343D4550432C20383D653B
:103280006E67696E65004368617267657220436F9F
:103290006E74726F6C0042617474436170006B579E
:1032A0006800566F6C7473706E740050777241636F
:1032B0004D6178005077724363734D6178004343EA
:1032C000535F534F434C696D697400534F434643FA
:1032D000004368676374726C00303D456E61626CD8
:1032E000652C20313D44697361626C652C20323D50
:1032F00054696D65720043686745666600436F6E8A
:10330000666967466F636363690044432D444320E5
:10331000436F6E76657274657200444364635F54F4
:1033200079706500303D4E6F444344432C20313D5D
:103330005465736C614732004443536574506E7436
:103340000042617474657279204D616E6167656DCC
:10335000656E7400424D535F567361674C696D69C9
:103360007400424D535F566D696E4C696D6974000F
:10337000424D535F566D61784C696D697400424DE2
:10338000535F56647261674C696D697400424D53B6
:103390005F546D696E4C696D697400424D535F54A2
:1033A0006D61784C696D697400424D535F5464657A
:1033B0007261746500424D535F5464657261746557
:1033C00043686700424D535F49736F4C696D697480
:1033D000004F686D2F5600424D535F507772486F13
:1033E0007400424D535F43617041637475616C00BA
:1033F000416800424D535F57685065724B6D0057EE
:10340000682F6B6D00486561746572204D6F64753F
:103410006C650048656174657200303D4E6F6E6585
:103420002C20313D416D706572612C20323D565724
:103430002C20333D4F75746C616E64657243616E10
:103440002C20343D53757065726D616E00303D44C3
:10345000697361626C652C20313D456E61626C65FB
:103460002C20323D54696D65720048656174507757
:10347000720048656174506572636E7400486561DE
:103480007454617267657454656D700052544320C2
:103490004D6F64756C65005365745F4461790030ED
:1034A0003D53756E2C20313D4D6F6E2C20323D54B6
:1034B00075652C20333D5765642C20343D54687568
:1034C0002C20353D4672692C20363D5361740053E3
:1034D00065745F486F757200486F7572730053654D
:1034E000745F4D696E004D696E73005365745F5370
:1034F00065630053656373004368675F48727300D8
:103500004368675F4D696E004368675F447572008A
:103510005072655F487273005072655F4D696E004E
:103520005072655F4475720047656E6572616C200C
:10353000507572706F736520492F4F0050756D7014
:1035400050574D00303D4753343530684F696C2C2F
:1035500020313D546163686F4F7574004F7574314D
:1035600046756E6300303D4E6F6E652C20313D43D5
:10357000686144654D6F416C772C20323D4F42436A
:10358000456E61626C652C20333D486561746572DF
:10359000456E61626C652C20343D52756E496E64D7
:1035A00069636174696F6E2C20353D5761726E4995
:1035B0006E6469636174696F6E2C363D436F6F6C26
:1035C000616E7450756D702C20373D4E6567436F8A
:1035D0006E746163746F722C20383D4272616B654A
:1035E0004C696768742C20393D5265766572736545
:1035F0004C696768742C2031303D486561745265B0
:10360000712C2031313D4856526571756573742CAB
:1036100031323D44434643526571756573742C20C5
:1036200031333D43686172676553746F702C20318C
:10363000343D4272616B6556616350756D702C202C
:1036400031353D436F6F6C696E6746616E2C20317A
:10365000363D48764163746976652C2031373D509C
:1036600061726B696E674272616B652C31383D54D3
:1036700031354F6E2C2031393D50776D54696D33A3
:103680002C2032303D437053706F6F662C203231E6
:103690003D475334353070756D70004F7574324648
:1036A000756E63004F75743346756E6300534C310D
:1036B00046756E6300534C3246756E630053504F2F
:1036C00046756E630050574D3146756E6300505716
:1036D0004D3246756E630050574D3346756E63002C
:1036E0004750313256496E46756E630048565265F2
:1036F0007146756E6300504231496E46756E6300C7
:10370000504232496E46756E6300504233496E46F0
:10371000756E63004750413146756E6300303D4E13
:103720006F6E652C20313D50726F7850696C6F74EC
:103730002C20323D4272616B6556616353656E7336
:103740006F72004750413246756E63007070746846
:10375000726573680042726B566163546872657378
:10376000680042726B5661634879737400446967FC
:1037700069506F7431537465700044696769506FA4
:103780007432537465700046616E54656D700054F8
:103790006163686F50505200495341205368756E01
:1037A0007420436F6E74726F6C00497361496E6967
:1037B000740050574D20436F6E74726F6C005469E3
:1037C0006D335F50726573630054696D335F50658C
:1037D00072696F640054696D335F315F4F43005409
:1037E000696D335F325F4F430054696D335F335F00
:1037F0004F430043505F50574D0076657273696FB9
:103800006E00343D322E33302E57494D2E3130006C
:103810006F706D6F646500303D4F66662C20313DE2
:1038200052756E2C20323D50726563686172676517
:103830002C20333D5063684661696C2C20343D4335
:1038400068617267652C20353D53687574646F77C5
:103850006E5265710063686774797000303D4F6621
:10386000662C20313D41432C20323D4443464300E9
:103870006C61737465727200737461747573003077
:103880003D4E6F6E652C20313D5564634C6F772C37
:1038900020323D556463486967682C20343D556487
:1038A0006342656C6F7755646353772C20383D55C0
:1038B00064634C696D2C2031363D456D63795374DA
:1038C0006F702C2033323D4D50726F742C20363483
:1038D0003D506F74507265737365642C20313238BB
:1038E0003D546D7048732C203235363D57616974F4
:1038F00053746172742C203531323D49736F4661C7
:10390000756C740043616E41637400546F7271444E
:10391000657261746500303D4E6F6E652C20313DDF
:103920005544436C696D4C6F772C20323D554443B0
:103930006C696D486967682C20343D4944436C6963
:103940006D4C6F772C20383D4944436C696D486954
:1039500067682C2031363D54656D704C696D00757B
:10396000646332007564633300494E5675646300C6
:10397000706F776572006D6F746F72506F776572DC
:10398000006D6178506F776572006368675073658A
:103990007470006964630041006961634D6F746F06
:1039A00072004B576800414D506800534F4300422E
:1039B0004D535F566D696E006D5600424D535F5614
:1039C0006D617800424D535F5664656C74610042CE
:1039D0004D535F4F637643656C6C00424D535F54AB
:1039E00061766700424D535F546D696E00424D53DE
:1039F0005F546D617800424D535F4B6D52656D00B1
:103A0000424D535F436170557361626C6500424D76
:103A1000535F4B7768557361626C6500424D535F2D
:103A20004B776841637475616C00424D535F4D6123
:103A300078496E70757400424D535F4D61784F75D3
:103A40007470757400424D535F496469734D6178B9
:103A500000424D535F496368674D617800424D53A2
:103A60005F4368617267654C696D00424D535F52F8
:103A70007061636B006D4F686D00424D535F497319
:103A80006F6C6174696F6E00424D535F49736F4D87
:103A9000656173004F686D2F7600424D535F4C692E
:103AA0006D53726300303D4E6F6E652C20313D5377
:103AB00061672C20323D447261672C20333D486F92
:103AC000742C20343D436F6C642C20353D4E6F4484
:103AD000617461005665685F5370656564006B7062
:103AE0006800746F72717565004E6D00746F72714D
:103AF000756544656D616E6400706F7400706F74FD
:103B00003200706F746272616B65006272616B6526
:103B1000707265737375726500706F746E6F6D008F
:103B2000646972002D313D526576657273652C2093
:103B3000303D4E65757472616C2C20313D44726964
:103B400076652C20323D5061726B00746D70687325
:103B500000746D706D00746D70696E7600746D70B8
:103B600061757800756175780063616E696F003109
:103B70003D4372756973652C20323D5374617274D4
:103B80002C20343D4272616B652C20383D467764B1
:103B90002C2031363D5265762C2033323D426D73F8
:103BA0000046726F6E745265617242616C0063729E
:103BB00075697365737065656400637275697365B3
:103BC00073747400303D4E6F6E652C20313D4F6E26
:103BD0002C20323D44697361626C652C20343D5366
:103BE00065742C20383D526573756D650064696E8F
:103BF0005F6372756973650064696E5F7374617287
:103C0000740064696E5F6272616B650064696E5F07
:103C1000666F72776172640064696E5F7265766563
:103C200072736500726567656E5F6272616B656C69
:103C3000696768740064696E5F626D730064696EC1
:103C40005F31325667700068616E6462726B004764
:103C50006561723100476561723200476561723398
:103C6000005431355374617400496E765374617435
:103C700000476561724642004361626C654C696D44
:103C80000050696C6F744C696D00436867416356FE
:103C90006F6C740056616300506C75674465740006
:103CA00050696C6F7454797000303D416273656E79
:103CB000742C20313D41435374642C20323D4143E8
:103CC0006368672C20333D4572726F722C20343D3F
:103CD0004343535F4E6F745F5264792C20353D43EC
:103CE00043535F5264792C20363D53746174696389
:103CF000004343535F495F417661696C004343531E
:103D00005F565F417661696C004343535F490043EE
:103D100043535F49726571004343535F5600434309
:103D2000535F565F4D696E004343535F565F436F69
:103D30006E006876436867004343535F434F4E44C9
:103D400000303D4E6F745264792C20313D726561B4
:103D500064792C20323D53576F66662C20333D69C1
:103D60006E74657272757074696F6E2C20343D507C
:103D7000726563682C20353D696E73756C6D6F6E6E
:103D80002C20363D6573746F702C20373D6D616C4F
:103D900066756E6374696F6E2C2031353D696E7681
:103DA000616C6964004343535F53746174650043FD
:103DB000505F444F4F5200303D434C4F5345442CCD
:103DC00020313D4F50454E2C20323D4552524F52EE
:103DD0002C20333D494E56414C4944004343535FE8
:103DE000436F6E746163746F7200480053004368E0
:103DF0006754004865617452657100553132560050
:103E0000493132560043686754656D700041435F25
:103E1000566F6C74730041435F416D707300636152
:103E20006E637472006370756C6F616400505056FD
:103E3000616C0042726B56616356616C00746D7008
:103E40006865617465720075646368656174657244
:103E500000706F7765726865617465720056656899
:103E60004C6F636B537400447269766572446F6F74
:103E7000725374000A4F4B0D0A0042617564207240
:103E8000617465206E6F7720004563686F206F6EE8
:103E90000D0A004563686F206F66660D0A00656E47
:103EA00061626C65756172740066617374756172CC
:103EB00074006563686F00556E6B6E6F776E20637C
:103EC0006F6D6D616E642073657175656E63650DF0
:103ED0000A00534F43207265636F726420657261FC
:103EE0007365642C2064656661756C747320617001
:103EF000706C6965640D0A002558255825580D0A0F
:103F000000525F656666207461626C65732072653D
:103F100073657420746F2070726566696C6C2C20F8
:103F200071756575656420666F7220736176650DC5
:103F30000A00506172616D657465722061747472FB
:103F40006962757465730D0A004E616D6509096DCE
:103F5000696E202D206D6178205B64656661756CEB
:103F6000745D0D0A00257309092566202D2025663C
:103F7000205B25665D0D0A00417661696C61626CAB
:103F80006520706172616D657465727320616E6425
:103F90002076616C7565730D0A002573205B2573AF
:103FA0005D0D0A002573090925660D0A0044656642
:103FB00061756C7473206C6F616465640D0A0067D1
:103FC000657400666C61670073747265616D00648E
:103FD000656661756C747300616C6C006C697374F8
:103FE000006174720073617665006A736F6E0063BE
:103FF000616E0073657269616C006572726F7273D5
:1040000000706564756D700070657265736574002D
:10401000736F6364756D7000736F6372657365743D
:1040200000286E756C6C29005B25755D3A20257340
:10403000202D2025730D0A004E6F204572726F727D
:10404000730D0A0053544F500044455241544500EB
:104050005741524E00303D4E4F4E452C20313D428F
:104060004D535F434F4D4D2C20323D47464D5F43EE
:104070004F4D4D2C20333D494E565F434F4D4D2CF7
:1040800020343D69334C494D5F434F4D4D2C203515
:104090003D485643555F434F4D4D2C20363D5043D0
:1040A000535F434F4D4D2C20373D56454849434CB7
:1040B000455F434F4D4D2C20383D434841524745C5
:1040C000525F434F4D4D2C20393D4F564552564F70
:1040D0004C544147452C2031303D49534F4C4154BD
:1040E000494F4E2C2031313D5052454348415247B3
:1040F000452C2031323D5448524F54544C45312CBC
:104100002031333D5448524F54544C45322C2031C9
:10411000343D5448524F54544C4531322C203135A3
:104120003D5448524F54544C453132444946462C34
:104130002031363D5448524F54544C454D4F444520
:104140002C2031373D43414E54494D454F55542C59
:104150002031383D544D5048534D41582C20313971
:104160003D544D504D4D41582C00424D535F434FEF
:104170004D4D0047464D5F434F4D4D00494E565FF4
:10418000434F4D4D0069334C494D5F434F4D4D00FA
:10419000485643555F434F4D4D005043535F434F87
:1041A0004D4D0056454849434C455F434F4D4D00EA
:1041B000434841524745525F434F4D4D004F56458E
:1041C00052564F4C544147450049534F4C41544976
:1041D0004F4E0050524543484152474500544852C3
:1041E0004F54544C4531005448524F54544C45326E
:1041F000005448524F54544C453132005448524FA9
:1042000054544C45313244494646005448524F5468
:10421000544C454D4F44450043414E54494D454F44
:10422000555400544D5048534D415800544D504D35
:104230004D41580063616E20007278200074782030
:104240000025732025642025642025642025662010
:1042500025640D0A004E6F20706172616D65746592
:10426000722076616C756520676976656E0D0A004F
:10427000536574204F4B0D0A0056616C7565206FB5
:104280007574206F662072616E67650D0A00556E49
:104290006B6E6F776E20706172616D6574657220F0
:1042A00025730D0A00556E6B6E6F776E207061720C
:1042B000616D657465723A20272573270D0A004EDB
:1042C0006F20666C616720676976656E0D0A00680D
:1042D000696464656E00556E6B6E6F776E20666CF8
:1042E00061670D0A00466C6167206368616E6765EF
:1042F000204F4B0D0A00747275650066616C736522
:10430000007B0025630D0A202020222573223A20FD
:104310007B22756E6974223A222573222C226964ED
:10432000223A25642C2276616C7565223A25662C2A
:10433000002263616E6964223A25642C2263616EF7
:104340006F6666736574223A25642C2263616E6C15
:10435000656E677468223A25642C2263616E67611A
:10436000696E223A25662C2263616E616464223A8A
:1043700025642C2269737278223A25732C002269F5
:1043800073706172616D223A747275652C226D6969
:104390006E696D756D223A25662C226D6178696DA6
:1043A000756D223A25662C2264656661756C7422EF
:1043B0003A25662C2263617465676F7279223A220E
:1043C0002573222C2269223A25647D002C0D0A20B7
:1043D00020202273657269616C223A207B22756EFF
:1043E0006974223A22222C2276616C7565223A2267
:1043F00025303858222C226973706172616D223A1F
:1044000066616C73657D000D0A7D0D0A00416C6C60
:10441000206D65737361676520646566696E697494
:10442000696F6E7320636C65617265640D0A004D7F
:10443000697373696E6720617267756D656E740D5F
:104440000A00556E6B6E6F776E20706172616D65DC
:104450007465720D0A00256420656E747269657357
:104460002072656D6F7665640D0A00496E76616C29
:1044700069642043414E2049642025780D0A004993
:104480006E76616C6964204F66667365742025647E
:104490000D0A00496E76616C6964206C656E677404
:1044A000682025640D0A0043616E6E6F74206D6193
:1044B0007020616E796D6F7265206974656D73200F
:1044C000746F2043414E2069642025640D0A004D1D
:1044D0006178206D65737361676520636F756E74B5
:1044E00020726561636865640D0A0043414E206D6A
:1044F0006170207375636365737366756C2C20251A
:1045000064206D65737361676525732061637469E9
:1045100076650D0A0043414E4D41502073746F7211
:1045200065640D0A00506172616D65746572732077
:1045300073746F7265642C204352433D25780D0AD5
:104540000057696C6C206E6F7420777269746520F7
:10455000746F20666C61736820696E2072756E20BE
:104560006D6F6465732C20706C6561736520737466
:104570006F70206265666F726520736176696E6721
:10458000210D0A00506172616D6574657273206C53
:104590006F616465640D0A00506172616D657465D8
:1045A0007220435243206572726F720D0A00557378
:1045B0006167653A2073747265616D206E20766163
:1045C0006C312C76616C322E2E2E0D0A002573254F
:1045D00066006CAA01CF3938DF4F132A738CF1764D
:1045E000F670006469736368617267650067656E81
:1045F0003D257520706167653D256420736C6F747F
:104600003D25642064697274793D256420523D25FE
:10461000642E2564206D4F686D207372633D2564A0
:104620000D0A00257320525F656666206D4F686D28
:104630002C20636F6C756D6E7320433D302E352FCB
:10464000312F322F332F340D0A00205425346420AB
:10465000534F432533643A00202534642E256400EB
:10466000663D25662063617041637475616C3D250C
:10467000662077686B6D3D25660D0A00000000001E
:1046800000000000473B00080038014000000240E5
:10469000040500000008014000020000000C014079
:1046A00040000000004400400000024007060000F7
:1046B0000008014004000000001401402000000038
:1046C000004800400000024002030000000C0140CE
:1046D000000400000010014000040000004C0040F5
:1046E0000004024005030000001001400004000027
:1046F00000100140000400001D400108658E000804
:10470000BF3F0108CD8E0008C33F01081D8F000880
:10471000C83F010885930008CF3F0108993F000872
:10472000D83F01086D3F0008DC3F0108353F000815
:10473000E13F0108D53E0008E53F0108B9920008B5
:10474000283E010809930008EA3F0108D13E00080D
:10475000EF3F010801910008F33F0108893E00087E
:10476000FA3F0108CD3E00081B40010835930008C0
:1047700001400108C93E000808400108B13E000898
:1047800010400108AD3E000818400108713E0008C5
:104790000000000000000000000000000000000019
:1047A0005D430008000000000000000075110008D3
:1047B0008D530008755400081D50000899510008D9
:1047C0007F4F00086F4F0008734F0008C14F00086B
:1047D00083110008871100088D1100089511000849
:1047E000774F00087B4F0008854F00080500000048
:1047F00001000000000000000A00000001000000AD
:10480000010000000F000000020000000100000095
:104810001400000002000000020000001900000067
:1048200003000000020000001E0000000400000061
:10483000030000002300000004000000040000004A
:104840002800000005000000040000002D0000000A
:104850000500000005000000320000000600000016
:1048600006000000370000000700000006000000FE
:104870003C000000080000000700000041000000AC
:1048800008000000080000004600000009000000C9
:10489000090000004B0000000A0000000A000000B0
:1048A000500000000B0000000B000000550000004D
:1048B0000C0000000C0000005A0000000E00000078
:1048C0000E0000005F00000011000000100000005A
:1048D000640000001300000013000000000000004E
:1048E00000000000751100089D580008255A0008B6
:1048F000B9550008DB560008BB540008AB5400084B
:10490000AF540008095500088311000887110008FA
:104910008D11000895110008B3540008B754000821
:10492000C154000800000000FF0000000200000069
:10493000FF00000005000000FA0000000A0000006F
:10494000F500000019000000E30000003200000044
:10495000C20000004B0000009E0000006400000048
:104960005F0000000000000000000000A1600008DF
:10497000691100082D6000086D110008095D00082C
:10498000895A00085B5A00085F5A00086B5A0008F1
:10499000795A0008B965000871110008001E00026C
:1049A000000000370080FE000028006100000000C9
:1049B000000088F978068FFF32FF30FF31000000D9
:1049C00030FF2B000180000000000000000000000C
:1049D00000000000000000000000000000000004D3
:1049E0000000000028004B2144F633080000280096
:1049F0000000C900DE0010000000D32800003E0FB8
:104A0000000E00020000000000000000001700611E
:104A100000000000000000F8FE0801000000000097
:104A20000016000000000017000100000000000058
:104A30000000000000000000000000000000000076
:104A4000000000000004000000000017004B162FBB
:104A5000FA890E00001700000000C900DA001000FB
:104A600000001D0000000000000000000000000029
:104A70000000000000000000000400000000000032
:104A80000000000000000000000000000000040022
:104A90000000000000000000000000000000000016
:104AA0000000000000040019000000000000008069
:104AB0000000008000000025010000000000000050
:104AC00000000000000000000000000000000000E6
:104AD000000000000000000075110008BD6700081C
:104AE000496600087B110008116600087F11000864
:104AF000BF650008C5650008811100088311000822
:104B0000871100088D1100089511000865660008DE
:104B1000E9650008EF6500080000000000000000E3
:104B200075110008C96800082D6800087B1100088D
:104B30007D1100087F110008F7670008FB67000877
:104B40008111000883110008871100088D110008E9
:104B50009511000805680008FD6700089911000814
:104B60000000000000000000671100086911000843
:104B70001D6B0008C16A0008D1690008216900089E
:104B80003569000849690008596900086D6900081D
:104B90006F11000895690008000000000000000087
:104BA000671100083D7100087D7000082F70000833
:104BB00005710008FD6F00080970000815700008F5
:104BC0001F7000082B7000086F110008D5700008D6
:104BD0000000000000000000E9250008E9250008A9
:104BE000E9250008000000000000000079710008BD
:104BF0007B710008000000000000000095760008AE
:104C00005D72000844400108494001085040010815
:104C100083450108030000006A410108020000000A
:104C200073410108020000007C41010802000000FD
:104C300085410108020000009041010802000000C7
:104C40009A41010802000000A3410108020000008F
:104C5000B041010802000000BD4101080000000051
:104C6000C941010800000000D34101080000000014
:104C7000DD41010802000000E741010802000000D8
:104C8000F141010802000000FC410108020000009F
:104C90000B42010802000000184201080200000057
:104CA00023420108010000002C420108010000001D
:104CB0000000000000000000E97D0008257E0008DB
:104CC00019800008000008000000500012000000D9
:104CD0000000080000005000090000000000030070
:104CE0000000200009000000000004000000200077
:104CF0000500000000000500000040000300000067
:104D00000000FF070000FF07000000000000000097
:104D1000671100087183000879830008A5830008E3
:104D20002D830008D1820008DD820008E982000896
:104D3000F3820008FF8200086F1100080383000857
:104D40000000000000000000C71100087D97000867
:104D500069980008C9940008BB9B0008499D000899
:104D6000CD960008D51100082D9400080000000021
:104D700000000000C7110008C91100083DA100088B
:104D800081A20008F1A000083DA40008EDA00008E1
:104D9000D5110008D7110008000000000000000035
:104DA000DB110008DD110008A5A4000811A500080A
:104DB000E1110008E3110008E711000800000000FD
:104DC00000000000AF110008B1110008B311000885
:104DD000B5110008B711000835A60008BD1100087C
:104DE000BF110008C311000800000000000000000F
:104DF0007511000877110008791100087B1100086F
:104E00007D1100087F11000871A600088DA600081A
:104E1000C1A6000801A7000835A7000895A700084B
:104E200019A8000839A600083DA6000845A60008F4
:104E3000542E00204C2E0020442E00200C2E00204A
:104E4000042E0020FC2D0020A42D0020AC2D0020DD
:104E5000B42D0020942D00208C2E0020F42D002055
:104E6000EC2D0020E42D00200000000000000000D8
:104E7000AF11000845AB0008A1AA0008B511000851
:104E8000DDAA000875AA0008BD11000849AA00089B
:104E9000C31100080000000000000000AF1100086E
:104EA000B1110008F9AB0008B511000879AB000892
:104EB0005DAB0008BD11000869AB0008C311000814
:104EC0000000000000000000AF110008B111000850
:104ED000B3110008B5110008B711000861AD000852
:104EE000BD110008BF110008C3110008002F5E713A
:104EF000BC93E2CD57780926EBC4B59AAE81F0DFBA
:104F0000123D4C63F9D6A788456A1B34735C2D02A9
:104F1000CFE091BE240B7A5598B7C6E9DDF283AC99
:104F2000614E3F108AA5D4FB36196847E6C9B89789
:104F30005A75042BB19EEFC00D22537C4867163979
:104F4000F4DBAA851F30416EA38CFDD295BACBE469
:104F500029067758C2ED9CB37E51200F3B14654A59
:104F600087A8D9F66C43321DD0FF8EA1E3CCBD9249
:104F70005F70012EB49BEAC5082756794D62133C39
:104F8000F1DEAF801A35446BA689F8D790BFCEE129
:104F90002C03725DC7E899B67B54250A3E11604F19
:104FA00082ADDCF369463718D5FA8BA4052A5B7409
:104FB000B996E7C8527D0C23EEC1B09FAB84F5DAF9
:104FC00017384966FCD3A28D406F1E3176592807E9
:104FD000CAE594BB210E7F509DB2C3ECD8F786A9D9
:104FE000644B3A158FA0D1FE331C6D4200000000C7
:104FF00000000000B1B00008F311000845B000083F
:105000006BAF000821AF00080000000000000000A6
:1050100035B20008F311000819B30008CBB100083D
:10502000A9B100080000000000000000AF11000856
:10503000B1110008BBB30008B5110008C1B50008E4
:1050400049B30008BD11000885B30008C31100086A
:10505000000000000000000073BB000873B70008E8
:105060004DB70008FCFFFFFF000000006BB7000811
:105070000000000000000000B1BB00089FBB00085A
:10508000051200080712000821BC0008A1BB000897
:10509000000000000000000065BC00085DBD0008C5
:1050A000CDBC00087B110008A1BC00087F110008DE
:1050B00081BC000863BC000881110008831100084E
:1050C000871100088D11000895110008E1BC000847
:1050D0009BBC000867BC0008000000000000000046
:1050E0009D11000891BD0008C9C10008A311000866
:1050F0009DBD000893BD0008B1BE0008001D3A2701
:1051000074694E53E8F5D2CF9C81A6BBCDD0F7EAA7
:10511000B9A4839E25381F02514C6B76879ABDA097
:10512000F3EEC9D46F7255481B06213C4A57706D87
:105130003E230419A2BF9885D6CBECF1130E293477
:10514000677A5D40FBE6C1DC8F92B5A8DEC3E4F967
:10515000AAB7908D362B0C11425F78659489AEB357
:10516000E0FDDAC77C61465B0815322F5944637E47
:105170002D30170AB1AC8B96C5D8FFE2263B1C0137
:10518000524F6875CED3F4E9BAA7809DEBF6D1CC27
:105190009F82A5B8031E3924776A4D50A1BC9B8617
:1051A000D5C8EFF24954736E3D20071A6C71564B07
:1051B0001805223F8499BEA3F0EDCAD735280F12F7
:1051C000415C7B66DDC0E7FAA9B4938EF8E5C2DFE7
:1051D0008C91B6AB100D2A3764795E43B2AF8895D7
:1051E000C6DBFCE15A47607D2E3314097F624558C7
:1051F0000B16312C978AADB0E3FED9C40000000035
:1052000000000000C711000875C2000875C2000840
:10521000A1C20008D5C3000877C200087DC20008FB
:10522000D511000891C20008000000000000000035
:10523000AF110008B1110008B31100080DC4000837
:10524000BDC40008E5C30008BD110008FDC3000887
:10525000C3110008000000000000000067110008F2
:10526000BBC50008FDC500086DC5000829C50008BC
:10527000BFC40008CBC40008D7C40008E3C40008BA
:10528000EFC400086F110008F3C4000800380140A3
:105290000405000000080140000200000044004036
:1052A000070600000008014004000000004800401C
:1052B00002030000000C0140000400000000000098
:1052C00000000000DB110008DD110008C1C8000863
:1052D000C5C80008E1110008E3110008E711000843
:1052E00000000000000000009D110008B1CA000885
:1052F000C5C90008A3110008A1C9000889C9000890
:1053000091C9000800000000000000009D11000885
:105310006DCC0008ADCC0008A311000819CB000823
:1053200005CB00080DCB0008E27FC558AC318B16C9
:105330007EE359C430AD178AE875CF52A63B811C75
:1053400074E953CE3AA71D80FB76CC51A538821F55
:1053500077EA52CD39A41E8367FA40DD29B40E9353
:10536000FB66DC41B528920F21BC069B6FF248D545
:10537000BD209A07F36ED449001020304050607071
:105380008090A0B0C0D0E0F000000000000000005D
:10539000C71100089DD30008CDCF0008F5CC000848
:1053A00009CF0008F9CC000805CD0008D511000888
:1053B00019CD000858030000170000015803000031
:1053C0001D000204580300000500080858030000EF
:1053D00006001010580300000300201058030000BE
:1053E00004003010580300002000070109010000EC
:1053F000D607001009010000DA07101009010000AB
:10540000D807201009010000D90730105703000009
:10541000EC07000857030000E507081057030000D9
:10542000EE07180857030000E8072008570300009C
:10543000DE07280857030000E407300800000000DA
:10544000000000009D110008DDD40008F5D400081C
:10545000A311000809D50008DFD40008E7D400082C
:105460000000000000000000E9D50008F31100086A
:10547000F51100081115000845D5000800000000CE
:1054800000000000D7D70008D7D70008FFD70008D2
:105490007B1100087D1100087F110008DFD700088C
:1054A000D5D7000881110008831100088711000872
:1054B0008D1100089511000815D80008F9D70008CB
:1054C000D9D70008000000000000000089D80008BB
:1054D000F31100083DD80008E9D900084FD80008AA
:1054E0000000000000000000C1DB0008DD11000822
:1054F000C9DA0008C5DA0008E1110008D7DA0008A7
:10550000F5DA0008AAC055005540AA800000000046
:1055100000000000A5E10008F311000831E30008D5
:10552000D5DF0008B1DF0008000101010101010021
:1055300000000000000000006711000877E3000889
:105540007DE60008C1E3000869E5000843E30008C0
:105550004FE300085BE3000867E3000873E300081B
:105560006F11000879E3000800D57FAAFE2B815453
:1055700029FC5683D702A87D52872DF8AC79D30633
:105580007BAE04D18550FA2FA471DB0E5A8F25F023
:105590008D58F22773A60CD9F623895C08DD77A213
:1055A000DF0AA07521F45E8B9D48E23763B61CC903
:1055B000B461CB1E4A9F35E0CF1AB06531E44E9BF3
:1055C000E633994C18CD67B239EC4693C712B86DE3
:1055D00010C56FBAEE3B91446BBE14C19540EA3FD3
:1055E00042973DE8BC69C316EF3A904511C46EBBC3
:1055F000C613B96C38ED4792BD68C21743963CE9B3
:105600009441EB3E6ABF15C04B9E34E1B560CA1FA2
:1056100062B71DC89C49E33619CC66B3E732984D92
:1056200030E54F9ACE1BB16472A70DD88C59F32682
:105630005B8E24F1A570DA0F20F55F8ADE0BA17472
:1056400009DC76A3F722885DD603A97C28FD578262
:10565000FF2A805501D47EAB8451FB2E7AAF05D052
:10566000AD78D20753862CF90000784200008442BE
:105670000000904200009C420000A84200005842F6
:10568000000068420000804200008C420000984206
:1056900000007842000084420000904200009C42DA
:1056A0000000A8420000204200002C4200004042BE
:1056B000000054420000684200000842000010420E
:1056C000000024420000384200004C42000020420A
:1056D00000002C420000404200005442000068429A
:1056E0000000B0410000C0410000E0410000004265
:1056F000000010420000A0410000B0410000D04175
:105700000000F041000008420000B0410000C0412C
:105710000000E04100000042000010420000804113
:10572000000090410000B0410000D0410000F04175
:1057300000007041000088410000A8410000C841FD
:105740000000E84100008041000090410000B041AD
:105750000000D0410000F0410000504100007041C5
:10576000000098410000B8410000D04100004841CD
:1057700000006841000094410000B4410000CC41A9
:105780000000504100007041000098410000B84105
:105790000000D0410000003F0000803F00000040BA
:1057A00000004040000080400000204100004842CE
:1057B0000000B442000020C1000000000000C84109
:1057C00000002042000048420000000000000000ED
:1057D000C9F90008DD110008C5F90008C7F900087B
:1057E000E1110008CBF90008D1F900080000000021
:1057F00075F8093CBD33603C83379B3C2755C63C5C
:10580000CB72F13C38480E3D0AD7233DAFF44E3DF4
:105810008183643D54127A3DDE6C823D4DA3433E4C
:105820008FC2753E9A99993E510BB13E7552E53E35
:105830002EC4FC3E8E681A3F056F363F7D75523F81
:10584000592E5E3FBD86723F0000803FF00A8C0BF0
:10585000DE0B2E0C3E0C5F0C9C0CB70CD10C070D14
:10586000200D280DB50DD60DF40D090E4A0E740E3F
:10587000D80E3C0FA00FCA0FEB0F681000000000FD
:0C588000AD2D000819390008454600084D
:08588C0090D1FF7F0100000034
:10589400FFFFFFFF14000000842800206C29002073
:1058A400C82A0020782B0020902B0020F02A00200A
:1058B40080290020202B0020190000000000000097
:1058C40000000000000000000000000000000000D4
:1058D40000000000000000000000000000000000C4
:1058E4002000000000000000000000002000000074
:1058F4002000000000000000000000002000000064
:105904002000000000000000000000004001000032
:1059140020000000400100004000000000000000E2
:1059240000000000E0FF0100E0FF0100E0FF0100D3
:1059340080BB0000800C0000C0FEFFFFC0FEFFFF24
:105944002000000000000000200000000000000013
:105954004001000000C4090000EE02000000000045
:10596400403800000041000040290000A00A000067
:1059740080250000800C000080F3FFFFC0030000BE
:1059840040010000E0010000C012000060040000BB
:105994000000000040060000001900008002000022
:1059A400400000000000000000000000C0020000F1
:1059B400603100000065040040060000000A000099
:1059C4004006000000000000400B00000000000042
:1059D40000000000C0010000500000006000000052
:1059E4008600000086000000A000000040060000C1
:1059F4000005000060040000803E0000E00100009B
:105A0400C01700004010000000000000000000006B
:105A1400000000000000000040060000000000003C
:105A24000000000000000000000000000000000072
:105A34000000000000000000000000000000000062
:105A44000000000000000000C0000000E0000000B2
:105A540060000000000000000000000000000000E2
:105A640000000000800000004000000080010000F1
:105A7400800100008001000080010000800100001E
:105A840000000000000000008038010080380100A0
:105A94008038010000000000000000000005000044
:105AA4004000000000000000E059000000840300F2
:105AB40000C2010000C2010000C201004001000058
:105AC40000000000000000000000000000000000D2
:105AD40000000000000000000000000000000000C2
:105AE40000000000000000000000000000000000B2
:105AF40000000000000000000000000000000000A2
:105B04000000000000000000000000000000000091
:105B14000000000000000000000000000000000081
:105B24000000000000000000000000000000000071
:105B34000000000000000000000000000000000061
:105B44000000000000000000000000000000000051
:105B54000000000000000000000000000000000041
:105B64000000000000000000000000000000000031
:105B74000000000000000000000000000000000021
:105B84000000000000000000000000000000000011
:105B94000000000000000000000000000000000001
:105BA40000000000000000000000000000000000F1
:105BB40000000000000000000000000000000000E1
:105BC40000000000000000000000000000000000D1
:105BD40000000000000000000000000000000000C1
:105BE40000000000000000000000000000000000B1
:105BF40000000000000000000000000000000000A1
:105C04000000000000000000000000000000000090
:105C14000000000000000000000000000000000080
:105C24000000000000000000000000000000000070
:105C34000000000000000000000000000000000060
:105C44000000000000000000000000000000000050
:105C54000000000000000000000000000000000040
:105C64000000000000000000000000000000000030
:105C74000000000000000000000000009C2C01084F
:105C8400AA2C0108B32C0108000000002001000028
:105C940000000000050000009C2C01082D2D0108C7
:105CA400352D010800000000200100000000000064
:105CB400060000009C2C0108902D0108982D010875
:105CC4000000000080000000000000006C000000E4
:105CD4009C2C0108C92D0108D62D010800000000E4
:105CE40020000000000000004E0000009C2C010871
:105CF400E72D0108F12D01080000000080000000DC
:105D040000000000270000009C2C01081F2E010841
:105D14002B2E010800000000C0000000000000005D
:105D2400250000009C2C01087A2E0108832E01080E
:105D340000000000C0000000000000005A00000045
:105D44009C2C0108EC2E0108F62E0108000000002E
:105D54008000000000000000930000009C2C01085B
:105D64001B2F0108272F010800000000200000005D
:105D740000000000460000009C2C0108362F01089A
:105D8400272F010800000000200000002000000070
:105D9400470000009C2C0108412F0108272F01080F
:105DA4000000000020000000000000004800000087
:105DB4009C2C01084A2F0108272F0108000000002D
:105DC4002000000000000000490000009C2C010895
:105DD400512F0108272F01080000000020000000B7
:105DE400200000004A0000009C2C01085C2F0108E0
:105DF400272F010800000000200000002000000000
:105E0400590000009C2C0108632F0108272F01086A
:105E140000000000200000000000000060000000FE
:105E24009C2C01086B2F0108272F0108000000009B
:105E34002000000000000000610000009C2C01080C
:105E4400752F0108272F0108000000002000000022
:105E5400200000006B0000009C2C01087D2F01082D
:105E6400272F01080000000020000000200000008F
:105E74008A0000009C2C0108872F0108912F01083B
:105E84000000000040000000000000004D00000081
:105E94009C2C0108A92F0108B32F01080000000061
:105EA4006000000000000000810000009C2C01083C
:105EB400DE2F0108E92F010800000000000F000098
:105EC400400100008F0000009C2C0108ED2F010808
:105ED400E92F010800000000000F0000200000006E
:105EE400900000009C2C0108F82F0108E92F0108FC
:105EF40020000000000F0000400100005B000000D3
:105F04009C2C010804300108E92F0108200000003E
:105F14004001000040000000910000009C2C01089A
:105F240015300108243001080000000020000000A2
:105F34000000000095000000363001083F300108E1
:105F44004630010800000000E0FF010000000000EE
:105F540007000000363001084A30010846300108C5
:105F640000000000E0FF0100E0FF01000800000065
:105F740036300108513001084630010800000000A5
:105F8400E0FF0100E0FF01000900000036300108D5
:105F9400593001084630010800000000E0FF01000C
:105FA400E0FF01000A0000003630010861300108FA
:105FB40072300108800C000000E2040080BB000085
:105FC4003C000000363001086A30010872300108D4
:105FD400800C000000E20400800C00007E00000041
:105FE40036300108763001087F300108A0FBFFFF3E
:105FF40000000000C0FEFFFF3D0000003630010835
:10600400813001087F300108A0FBFFFF0000000081
:10601400C0FEFFFF7A000000363001088C30010812
:106024009630010803000000800C000020000000EE
:1060340044000000363001089D300108A5300108F5
:106044000000000020000000000000000B00000021
:1060540036300108C4300108CC30010800000000CB
:1060640080000000200000000C0000003630010811
:106074001531010824300108000000002000000050
:10608400000000007F0000003630010822310108C2
:106094009630010820000000800C00004001000040
:1060A4000D000000363001082C310108723001085F
:1060B4000000000000C4090000C409000E00000034
:1060C400363001083931010872300108000000003F
:1060D40000C4090000EE02000F0000003630010881
:1060E40040310108243001080000000020000000B5
:1060F4000000000089000000363001084931010821
:10610400D533010800000000007D00004038000085
:10611400130000003630010850310108D53301085E
:1061240000000000007D0000004100001400000099
:106134003630010857310108D5330108000000004A
:10614400007D0000402900002000000036300108D6
:106154005D3101086631010840060000C0120000EC
:10616400A00A000017000000363001086A31010857
:1061740066310108C0080000802500008025000069
:106184001800000036300108723101087F30010820
:1061940000000000800C0000800C000019000000CA
:1061A400363001087B3101087F30010880F3FFFF9E
:1061B4000000000080F3FFFF1A00000036300108E1
:1061C400843101087F30010800000000800C0000C9
:1061D400C00300007B000000363001089031010844
:1061E4007F3001080000000040060000400100006C
:1061F4004C000000363001089A310108A73101082B
:106204000300000000190000E0010000830000000A
:1062140036300108B0310108BA310108000000002D
:10622400004B0000C0120000970000003630010847
:10623400BD310108BA31010800000000004B000024
:106244006004000098000000C9310108D931010838
:10625400DE310108000000006000000000000000C2
:106264001B000000C9310108053201087F30010814
:1062740000000000800C0000400600001C0000002C
:106284000D3201081C3201087230010820000000A0
:10629400007D0000001900001D0000000D320108FF
:1062A400273201083232010820000000007D00007E
:1062B400800200001E0000000D3201083C3201087B
:1062C4008345010800000000600000004000000059
:1062D4001F00000047320108593201082430010828
:1062E4000000000020000000000000002100000069
:1062F40047320108653201086F32010800000000CE
:10630400E01F0000000000002200000086320108A7
:10631400963201089E32010803000000401F00006D
:10632400C00200002600000086320108A2320108E3
:10633400D533010800000000007D0000603100003A
:106344002800000086320108AB320108BB31010885
:106354000000000000DC05000065040029000000C6
:1063640086320108B4320108BA3101080000000085
:10637400C02B00004006000099000000863201088E
:10638400BE3201087F30010800000000800C0000CC
:10639400000A00002C00000086320108CB320108FC
:1063A4007F30010800000000800C0000400600005F
:1063B4004F00000086320108D1320108D9320108A9
:1063C4000000000040000000000000002D0000005C
:1063D40086320108F63201087F300108000000000F
:1063E400800C0000400B0000790000008632010898
:1063F400FD320108243001080000000020000000E4
:1064040000000000850000000A3301081A33010867
:1064140024330108000000002000000000000000F8
:10642400690000000A33010838330108D533010834
:1064340020010000E0010000C00100006A0000002B
:106444004133010854330108D533010840000000EA
:1064540080000000500000009A0000004133010851
:1064640062330108D5330108000000004001000038
:10647400600000005C000000413301087033010833
:10648400D533010800000000400100008600000030
:106494005D000000413301087E330108D533010853
:1064A4007000000090000000860000009B000000C7
:1064B400413301088D3301086631010880F3FFFF81
:1064C400800C0000A00000005E00000041330108C1
:1064D4009B3301086631010880F3FFFF800C000044
:1064E400400600005F00000041330108A9330108A1
:1064F4006631010880F3FFFF800C000000050000F6
:106504009C00000041330108B533010866310108DD
:1065140080F3FFFF800C0000600400009E00000078
:1065240041330108C4330108D133010800000000DD
:1065340000D43000803E00008B000000413301088D
:10654400D7330108BA31010800000000800C0000B4
:10655400E00100009D00000041330108E23301081E
:10656400F033010840060000803E0000C017000020
:10657400A000000041330108F3330108FF33010890
:1065840040060000803E000040100000A100000012
:1065940005340108133401081A340108000000000E
:1065A40080000000000000003900000005340108EC
:1065B400B63701084D340108000000004000000017
:1065C400000000003A000000053401086A340108A4
:1065D400BB31010800000000802C03000000000013
:1065E4003B00000005340108723401087F300108C3
:1065F40000000000800C0000000000007C0000008F
:10660400053401087D3401086631010800000000EA
:10661400800C000040060000960000008C34010845
:10662400973401089F34010800000000C0000000F6
:10663400000000002E0000008C340108CF34010853
:10664400D834010800000000E0020000000000004F
:106654002F0000008C340108DE340108E634010800
:10666400000000006007000000000000300000008F
:106674008C340108EB340108F334010800000000F5
:106684006007000000000000310000008C340108A5
:10669400F8340108D834010800000000E0020000CA
:1066A40000000000320000008C34010800350108AD
:1066B400E63401080000000060070000000000004C
:1066C400330000008C34010808350108E634010861
:1066D40000000000004B0000000000003400000037
:1066E4008C34010810350108D8340108000000007A
:1066F4006007000000000000350000008C34010831
:1067040018350108E63401080000000060070000A5
:1067140000000000360000008C3401082035010818
:10672400E6340108000000008007000000000000BB
:1067340037000000283501083C35010844350108BC
:10674400000000002000000000000000870000009E
:10675400283501085C350108653501080000000092
:1067640040020000C000000050000000283501086D
:106774009B36010865350108000000004002000056
:10678400E00000005100000028350108A43601088B
:1067940065350108000000004002000060000000B0
:1067A4005200000028350108AD360108653501089E
:1067B4000000000040020000000000005300000040
:1067C40028350108B53601086535010800000000C8
:1067D40040020000000000005400000028350108B9
:1067E400BD360108653501080000000040020000C4
:1067F400000000005500000028350108C5360108D6
:106804006535010800000000A0020000000000003F
:106814005600000028350108CE3601086535010808
:1068240000000000A00200008000000057000000EB
:1068340028350108D7360108653501080000000035
:10684400A0020000400000005800000028350108A4
:10685400E03601086535010800000000A0010000D1
:10686400800100006200000028350108EC360108B0
:106874006535010800000000A0010000800100004F
:106884006300000028350108F63601086535010863
:1068940000000000A0010000800100008C00000046
:1068A400283501080037010865350108000000009B
:1068B400A0010000800100008D00000028350108BF
:1068C4000A3701086535010800000000A001000036
:1068D400800100008E0000002835010814370108EB
:1068E4001D37010800000000400000000000000007
:1068F4006E00000028350108433701081D370108E0
:106904000000000040000000000000006F000000D4
:10691400283501084C370108463001080000000002
:10692400E0FF0100803801007200000028350108F2
:10693400553701084630010800000000E0FF01005F
:10694400803801007300000028350108623701080F
:106954004630010800000000E0FF0100803801001B
:1069640074000000283501086D370108463001081D
:1069740000000000E01F000000000000750000009F
:10698400283501087A370108463001080000000064
:10699400E01F000000000000760000002835010818
:1069A400873701086631010800000000800C0000F0
:1069B4000005000086000000283501088F37010813
:1069C4009437010800000000800C00004000000023
:1069D4008800000098370108AA370108243001080C
:1069E4000000000020000000000000004B00000038
:1069F400B2370108BE3701088345010820000000B2
:106A040000282300E059000064000000B2370108A8
:106A1400C9370108834501082000000000D4300074
:106A24000084030065000000B2370108D53701086F
:106A3400834501082000000000D4300000C201009A
:106A440066000000B2370108DF37010883450108FA
:106A54002000000000D4300000C2010067000000E4
:106A6400B2370108E9370108834501082000000016
:106A740000D4300000C2010068000000B2370108F1
:106A8400F33701088345010820000000800C000052
:106A9400400100008400000000000000FA370108F3
:106AA400023801080000000000000000000000009F
:106AB400D007020000000000103801081738010850
:106AC400000000000000000000000000D2070200E7
:106AD40000000000553801085C380108000000007F
:106AE4000000000000000000D307020000000000C6
:106AF40070380108000000000000000000000000E1
:106B040000000000D40702000000000078380108EB
:106B14007F380108000000000000000000000000B1
:106B2400D5070200000000000439010824300108E0
:106B34000000000000000000000000003B0802000C
:106B4400000000000B39010816390108000000009C
:106B540000000000000000003608020000000000F1
:106B64006C390108D5330108000000000000000062
:106B740000000000D6070200000000005F39010891
:106B8400D5330108000000000000000000000000F0
:106B9400D70702000000000064390108D53301085A
:106BA400000000000000000000000000D807020000
:106BB4000000000069390108D53301080000000015
:106BC4000000000000000000DA07020000000000DE
:106BD40070390108BA31010800000000000000000B
:106BE40000000000DB070200000000007639010805
:106BF400BA3101080000000000000000000000009D
:106C04003E0802000000000081390108BA31010881
:106C14000000000000000000000000003C0802002A
:106C2400000000008A390108BA31010800000000A0
:106C34000000000000000000450802000000000001
:106C44009339010897390108000000000000000092
:106C540000000000DC070200000000009939010870
:106C64009739010800000000000000000000000047
:106C74003D08020000000000A23901089E3201080C
:106C8400000000000000000000000000DD0702001A
:106C940000000000A6390108F033010800000000DC
:106CA4000000000000000000DE07020000000000F9
:106CB400AB3901087F30010800000000000000002B
:106CC40000000000DF07020000000000AF390108E7
:106CD400B8390108000000000000000000000000B6
:106CE4002408020000000000BB390108B83901087B
:106CF4000000000000000000000000002508020061
:106D040000000000C4390108B8390108000000007F
:106D14000000000000000000D9070200000000008D
:106D2400CF390108B8390108000000000000000054
:106D3400000000004B08020000000000DB390108DD
:106D4400663101080000000000000000000000009F
:106D54003708020000000000E43901086631010828
:106D640000000000000000000000000026080200EF
:106D740000000000ED390108663101080000000040
:106D840000000000000000002708020000000000CE
:106D9400F639010802340108000000000000000078
:106DA400000000004C08020000000000003A010846
:106DB400F0330108000000000000000000000000A3
:106DC4004E080200000000000E3A01089E3201083D
:106DD4000000000000000000000000005108020054
:106DE400000000001C3A01089E3201080000000067
:106DF4000000000000000000520802000000000033
:106E04002A3A0108BA31010800000000000000001D
:106E1400000000003908020000000000373A0108B1
:106E2400BA3101080000000000000000000000006A
:106E34003A08020000000000453A010897390108A9
:106E440000000000000000000000000047080200ED
:106E540000000000513A01089739010800000000C1
:106E640000000000000000004608020000000000CE
:106E74005D3A010897390108000000000000000095
:106E84000000000028080200000000006B3A01081E
:106E9400753A010800000000000000000000000036
:106EA40048080200000000007A3A0108763A010816
:106EB400000000000000000000000000380802008C
:106EC40000000000883A0108943A0108000000001C
:106ED4000000000000000000330802000000000071
:106EE4009A3A0108A53A01080000000000000000D9
:106EF400000000004908020000000000B43B010843
:106F040072300108000000000000000000000000D2
:106F1400E007020000000000D43A0108DE3A01084C
:106F2400000000000000000000000000E107020073
:106F340000000000E23A0108E93A010800000000FC
:106F44000000000000000000E20702000000000052
:106F5400EC3A0108E93A01080000000000000000D2
:106F6400000000004408020000000000F93A010893
:106F7400463001080000000000000000000000008E
:106F8400E307020000000000FD3A01084630010852
:106F9400000000000000000000000000E407020000
:106FA40000000000023B0108463001080000000018
:106FB4000000000000000000E507020000000000DF
:106FC4000B3B0108463001080000000000000000EF
:106FD40000000000E607020000000000193B010861
:106FE4007F300108000000000000000000000000E5
:106FF400E707020000000000203B0108243B0108D1
:10700400000000000000000000000000E80702008B
:10701400000000004B3B010866310108000000003D
:107024000000000000000000EC0702000000000067
:10703400513B010866310108000000000000000017
:1070440000000000ED07020000000000563B0108AC
:10705400663101080000000000000000000000008C
:107064003F080200000000005D3B01086631010892
:10707400000000000000000000000000EE07020015
:1070840000000000643B0108D53301080000000043
:107094000000000000000000EF07020000000000F4
:1070A400693B01086F3B010800000000000000007C
:1070B40000000000F007020000000000A13B0108EE
:1070C4007F30010800000000000000000000000004
:1070D4002208020000000000AE3B010872300108E3
:1070E400000000000000000000000000F1070200A2
:1070F40000000000BA3B0108C43B01080000000086
:107104000000000000000000F20702000000000080
:10711400ED3B0108243001080000000000000000DD
:1071240000000000F307020000000000F83B010823
:1071340024300108000000000000000000000000EE
:10714400F407020000000000023C0108243001089A
:10715400000000000000000000000000F50702002D
:10716400000000000C3C010824300108000000006D
:107174000000000000000000F6070200000000000C
:10718400183C010824300108000000000000000041
:1071940000000000F707020000000000243C010882
:1071A400243001080000000000000000000000007E
:1071B4004108020000000000353C010824300108A9
:1071C400000000000000000000000000F8070200BA
:1071D400000000003D3C01082430010800000000CC
:1071E400000000000000000017080200000000007A
:1071F400473C0108243001080000000000000000A2
:1072040000000000F9070200000000004F3C0108E4
:10721400243001080000000000000000000000000D
:10722400FA07020000000000553C01082430010860
:10723400000000000000000000000000FB07020046
:10724400000000005B3C010824300108000000003D
:107254000000000000000000FC0702000000000025
:10726400613C010824300108000000000000000017
:1072740000000000FD07020000000000693C010856
:10728400243001080000000000000000000000009D
:10729400FE07020000000000713C0108DE31010815
:1072A400000000000000000000000000FF070200D2
:1072B40000000000783C0108973901080000000034
:1072C40000000000000000000008020000000000B0
:1072D400813C01089739010800000000000000000B
:1072E4000000000001080200000000008A3C0108C0
:1072F400943C0108000000000000000000000000B1
:107304005008020000000000983C010824300108E5
:10731400000000000000000000000000020802005D
:1073240000000000A03C0108A93C01080000000086
:10733400000000000000000003080200000000003C
:10734400F13C01089739010800000000000000002A
:10735400000000000408020000000000FD3C0108D9
:10736400D533010800000000000000000000000008
:107374000508020000000000093D010897390108D2
:1073840000000000000000000000000006080200E9
:10739400000000000F3D01089739010800000000BB
:1073A40000000000000000001408020000000000BB
:1073B400183D0108D533010800000000000000005A
:1073C4000000000007080200000000001E3D010844
:1073D400D533010800000000000000000000000098
:1073E4000808020000000000283D0108D533010808
:1073F4000000000000000000000000000908020076
:1074040000000000323D01082430010800000000A3
:1074140000000000000000000A0802000000000054
:10742400383D0108413D0108000000000000000053
:10743400000000000B08020000000000A53D010848
:10744400923A010800000000000000000000000063
:107454000C08020000000000AF3D0108B73D010820
:107464000000000000000000000000000D08020001
:1074740000000000DC3D0108243001080000000089
:1074840000000000000000000E08020000000000E0
:107494009B3401089F340108000000000000000034
:1074A400000000001008020000000000D3340108AE
:1074B400EA3D010800000000000000000000000098
:1074C4001108020000000000243D0108AE4101083B
:1074D400000000000000000000000000120802008C
:1074E40000000000EF340108EC3D0108000000003A
:1074F400000000000000000013080200000000006B
:10750400EE3D0108AE41010800000000000000004B
:10751400000000002A08020000000000F33D0108FA
:1075240024300108000000000000000000000000FA
:107534001508020000000000FB3D0108D5330108D6
:107544000000000000000000000000001608020017
:1075540000000000003E0108973901080000000007
:1075640000000000000000002308020000000000EA
:10757400053E01086631010800000000000000001B
:10758400000000001E080200000000000D3E01087B
:10759400D5330108000000000000000000000000D6
:1075A4001F08020000000000163E01089739010878
:1075B4000000000000000000000000002908020094
:1075C400000000001E3E01084630010800000000D3
:1075D40000000000000000002B0802000000000072
:1075E400253E01087F300108000000000000000073
:1075F400000000000F080200000000002D3E0108FA
:1076040046300108000000000000000000000000F7
:107614002E08020000000000333E01084630010835
:107624000000000000000000000000002F0802001D
:10763400000000003D3E0108663101080000000022
:1076440000000000000000003008020000000000FC
:10765400473E0108D5330108000000000000000087
:10766400000000003108020000000000513E010843
:10767400BB31010800000000000000000000000011
:1076840032080200000000005D3E010824300108B9
:1076940000000000000000000000000034080200A8
:1076A40000000000673E0108B73D0108000000002B
:1076B40000000000000000004008020001804DE9C5
:1076C400BE03E1804DE9BE000E0000000000000092
:1076D40000000000000000040000000000000000A2
:1076E4000000000000000000000000000000000096
:1076F4000004000000000000000000000000000082
:107704000000000000000000000000000400000071
:107714000000000400190000000000000000000048
:107724000088000000A000000000000000005F01CD
:10773400000E000000000000000000000000000037
:107744000400000000000000000000000000000031
:107754000000000000000000000004000000000021
:107764000000000000000000000000000000000015
:1077740000000000000400000000000004001900E4
:107784000000000000000000000088000000A000CD
:10779400000000000000005F01000E000000000077
:1077A4000000000000000000610400000000000070
:1077B400ADFF5200000000000000160000000000B1
:1077C40000000004000000000000000000000000B1
:1077D40000000000000000000000000000000400A1
:1077E4000000000000044B19D4FED20F000000007A
:1077F40000000089000000A8000000010000000053
:10780400DC06000E00000000000000000000000084
:10781400006104000000000000ADFF520000000001
:10782400000000160000000000000000040000003A
:107834000000000000000000000000000000000044
:107844000000000000000004000000000000044BE1
:1078540019D4FED20F0000000000000089000000CF
:10786400A80000000100000000DC06000E0000007B
:10787400000000000000000000006104000000009F
:1078840000000000000000000000000016000000DE
:1078940000000000000400000000000000000000E0
:1078A40000000000000000000000000000000000D4
:1078B40004000000000000044B19D4FEBE0F0000B9
:1078C400000000000089000000A800000002000081
:1078D4000000CB04000E00000000000000000000C7
:1078E400000000610400000000000000000000002F
:1078F400000000000016000000000000000004006A
:107904000000000000000000000000000000000073
:10791400000000000000000000040000000000005F
:10792400044B19D4FEBE0F000000000000008900C3
:107934000000A80000000200000000CB04000E00BC
:10794400000000000000000000000000000400002F
:107954000000000000000000000000000000000023
:10796400000000000000040000000000000000000F
:107974000000000000000000000000000000000003
:1079840004000000000004001900000000000000D2
:1079940000000088000000A0000000000000005F5C
:1079A40001000E00000000000000000000000000C4
:1079B40000040000000000000000000000000000BF
:1079C40000000000000000000000040000000000AF
:1079D40000000000000000000000000000000000A3
:1079E4000000000004000000000004001900000072
:1079F4000000000000000088000000A0000000005B
:107A04000000005F01001E000000000012009AFA4E
:107A14000000000061040000000000ADFF520000FF
:107A2400000000000010000000000000000004003E
:107A34000000000000000000000000000000000042
:107A44000000000000000000040000000000044BDF
:107A54000C3CFB34040000000000008A000000A875
:107A6400000000010000004807001E0000000000A4
:107A740012009AFA000000006104000000000000F7
:107A840000000000000000000010000000000000E2
:107A940000000400000000000000000000000000DE
:107AA40000000000000000000000000004000000CE
:107AB4000000044B0C3CFB34040000000000008A6E
:107AC400000000A8000000020000004B05001E009A
:107AD4000000000012009AFA000000006104000097
:107AE4000000000000000000000000000010000082
:107AF400000000000000040000000000000000007E
:107B04000000000000000000000000000000000071
:107B1400040000000000044B0C3CFB340400000093
:107B24000000008A000000A8000000020000004BD2
:107B340005001E000000000012009AFA0000FF0079
:107B440061040000000000000000000000000000CC
:107B540000100000000000FF00000400000000000E
:107B64000000000000000000000000000000000011
:107B7400000000000400000000FF04490C3CFB343A
:107B8400040000FF0000008A000000A800000003B9
:107B94000000004609001E000200000012009AFACC
:107BA4000000100061000000000000C8F93806A5BC
:107BB4000088003F00100000003F00100003800018
:107BC40000000000000000000000000000000000B1
:107BD4000000000000000000040000000010004B42
:107BE4000C2DFB1504000010000000CA00D3001087
:107BF40000000086100000820A000000000000005F
:107C04000000000000000000000000000000000070
:107C14000000000000000000000000000000000060
:107C24000000000000000000000000000000000050
:107C3400000000000000000000000000000000FF41
:107C44000000000000000000000000000000000030
:107C54000000000000000000000000000000000020
:107C640000000100EC4B01081400000000000000BB
:107C74000000000000000000000000000000000000
:107C840000000000000000000000000000000000F0
:107C940000000000000000000000000000000000E0
:107CA40000000000000000000000000000000000D0
:107CB40000000000000000000000000000000000C0
:107CC40000000000000000000000000000000000B0
:107CD40000000000000000000000000000000000A0
:107CE4000000000000000000000000000000000090
:107CF4000000000000000000000000000000000080
:107D0400000000000000000000000000000000006F
:107D1400000000000000000000000000000000005F
:107D2400000000000000000000000000000000004F
:107D3400000000000000000000000000000000003F
:107D4400000000000000000000000000000000002F
:107D5400000000000000000000000000000000001F
:107D640000000000000000005540010801005EBC56
:107D7400E2613FDD83C29C7E20A3FD1F419DC321A0
:107D84007FFCA2401E5F01E3BD3E6082DC237D9F39
:107D9400C1421CFEA0E1BF5D0380DE3C62BEE00286
:107DA4005CDF81633D7C22C09E1D43A1FF4618FA1F
:107DB400A427799BC584DA3866E5BB5907DB856758
:107DC40039BAE406581947A5FB7826C49A653BD905
:107DD40087045AB8E6A7F91B45C6987A24F8A6443E
:107DE4001A99C7257B3A6486D85B05E7B98CD230EB
:107DF4006EEDB3510F4E10F2AC2F7193CD114FAD08
:107E0400F3702ECC92D38D6F31B2EC0E50AFF113D0
:107E14004DCE90722C6D33D18F0C52B0EE326C8EED
:107E2400D0530DEFB1F0AE4C1291CF2D73CA9476AE
:107E340028ABF517490856B4EA6937D58B5709EBCF
:107E4400B536688AD495CB2977F4AA4816E9B7558C
:107E54000B88D6346A2B7597C94A14F6A8742AC8B5
:107E640096154BA9F7B6E80A54D7896B3514FF0168
:107E740001000000FFFFFFFF000080BF0000803F03
:107E8400000080BF00127A0000127A0000127A000B
:107E940008260020000000000000000094360020A6
:107EA400FC360020643700200000000000000000C1
:107EB40000000000000000000000000000000000BE
:107EC40000000000000000000000000000000000AE
:107ED400000000000000000000000000000000009E
:107EE400000000000000000000000000000000008E
:107EF400000000000000000000000000000000007E
:107F0400000000000000000000000000000000006D
:107F1400000000000000000000000000000000005D
:107F2400000000000000000000000000000000004D
:107F340001000000000000000E33CDAB34126DE6EA
:107F4400ECDE05000B000000000000000000000053
:107F5400000000000000000000000000000000001D
:107F6400000000000000000000000000000000000D
:107F740000000000000000000000000000000000FD
:107F840000000000000000000000000000000000ED
:107F940000000000000000000000000000000000DD
:107FA40000000000000000000000000000000000CD
:107FB40000000000000000000000000000000000BD
:107FC40000000000000000000000000000000000AD
:107FD400000000000000000000000000000000009D
:107FE400000000000000000000000000000000008D
:107FF400000000000000000000000000000000007D
:10800400000000000000000000000000000000006C
:10801400000000000000000000000000000000005C
:10802400000000000000000000000000000000004C
:10803400000000000000000000000000000000003C
:10804400000000000000000000000000000000002C
:10805400000000000000000000000000000000001C
:10806400000000000000000000000000000000000C
:1080740000000000000000000000000000000000FC
:1080840000000000000000000000000000000000EC
:088094000000000000000000E4
:0400000508011611C7
:00000001FF
